stdno,schoolyear,term,course,section,units,grade,courserank,contrib
2010-57258,2015,FIRST,SPCM 1(AH),F-6R,3,,1,1.0000,
2010-57258,2015,FIRST,AGRI 195,CD-5L,3,,2,1.0000,
2010-57258,2015,FIRST,ANSC 111,S-2L,3,,3,1.0000,
2010-57258,2015,FIRST,AGRI 11,G,1,,4,1.0000,
2010-57258,2015,FIRST,ENG 2(AH),U-6R,3,,5,1.0000,
2010-34119,2015,FIRST,PE 1,EF1,0,,1,1.0000,
2010-34119,2015,FIRST,CE 132,C-2C,3,,2,1.0000,
2010-34119,2015,FIRST,CE 121,AB2,3,,3,1.0000,
2010-34119,2015,FIRST,CE 133,AB-2C,3,,4,1.0000,
2010-34119,2015,FIRST,PI 10(SSP),V-1R,3,,5,1.0000,
2010-34119,2015,FIRST,HUM 2(AH),W-4R,3,,6,1.0000,
2012-45007,2015,FIRST,NSTP 1,EN1,0,,1,1.0000,
2012-45007,2015,FIRST,SPCM 1(AH),W-2R,3,,2,1.0000,
2012-45007,2015,FIRST,PI 10(SSP),V-2R,3,,3,1.0000,
2012-45007,2015,FIRST,ENG 2(AH),G-1R,3,,4,1.0000,
2012-45007,2015,FIRST,BIO 30,A-9L,3,,5,1.0000,
2012-45007,2015,FIRST,CHEM 160,E,3,,6,1.0000,
2014-98829,2015,FIRST,NSTP 1,EN1,0,,2,1.0000,
2014-98829,2015,FIRST,CRSC 2,S-5L,3,,3,1.0000,
2014-98829,2015,FIRST,CRPT 1,T-2L,3,,4,1.0000,
2014-98829,2015,FIRST,SPCM 1(AH),G-1R,3,,5,1.0000,
2014-98829,2015,FIRST,NASC 5(MST),CD-4R,3,,6,1.0000,
2014-98829,2015,FIRST,ENG 1(AH),G-4R,3,,7,1.0000,
2013-42233,2015,FIRST,MATH 101,Y-8L,3,,1,1.0000,
2013-42233,2015,FIRST,SPCM 1(AH),B-3R,3,,2,1.0000,
2013-42233,2015,FIRST,SOSC 3(SSP),F-6R,3,,3,1.0000,
2013-42233,2015,FIRST,PHLO 1(SSP),W3-5R,3,,4,1.0000,
2013-42233,2015,FIRST,HIST 1(SSP),V1-3R,3,,5,1.0000,
2013-22874,2015,FIRST,NSTP 1,EN1,0,,2,1.0000,
2013-22874,2015,FIRST,CHEM 32.0,T,3,,3,1.0000,
2013-22874,2015,FIRST,CHEM 32.1,6L,2,,4,1.0000,
2013-22874,2015,FIRST,MATH 37,X-1R,5,,5,1.0000,
2013-22874,2015,FIRST,PHYS 13,U-4L,3,,6,1.0000,
2014-98832,2015,FIRST,PE 1,AB2,0,,1,1.0000,
2014-98832,2015,FIRST,NSTP 1,AS1,0,,2,1.0000,
2014-98832,2015,FIRST,SFI 10,T-1L,3,,3,1.0000,
2014-98832,2015,FIRST,SFI 31,G-2L,4,,4,1.0000,
2014-98832,2015,FIRST,FPPS 11,ST1-2L,3,,5,1.0000,
2014-98832,2015,FIRST,FBS 9,Y-5L,3,,6,1.0000,
2012-55117,2015,FIRST,NSTP 1,EN2,0,,1,1.0000,
2012-55117,2015,FIRST,STAT 135,W-2R,3,,2,1.0000,
2012-55117,2015,FIRST,SPCM 1(AH),B-4R,3,,3,1.0000,
2012-55117,2015,FIRST,CMSC 22,WX-4L,3,,4,1.0000,
2012-55117,2015,FIRST,SOSC 3(SSP),Y-1R,3,,5,1.0000,
2012-55117,2015,FIRST,CMSC 21,ST-4L,3,,6,1.0000,
2011-32414,2015,FIRST,PE 1,ST1,0,,1,1.0000,
2011-32414,2015,FIRST,NSTP 1,AS4,0,,2,1.0000,
2011-32414,2015,FIRST,BIO 150,F-2L,3,,3,1.0000,
2011-32414,2015,FIRST,MATH 101,Y-4L,3,,4,1.0000,
2011-32414,2015,FIRST,MATH 27,W-3R,3,,5,1.0000,
2011-32414,2015,FIRST,CHEM 16.0,C,3,,7,1.0000,
2011-32414,2015,FIRST,ENG 2(AH),G-4R,3,,8,1.0000,
2010-42856,2015,FIRST,FBS 31,AB-4L,3,,1,1.0000,
2010-42856,2015,FIRST,SFI 100,U-1L,3,,2,1.0000,
2010-42856,2015,FIRST,STAT 1,AB-1L,3,,3,1.0000,
2010-42856,2015,FIRST,ENG 10,T-4R,3,,4,1.0000,
2010-42856,2015,FIRST,FPPS 128,YZ-2L,3,,5,1.0000,
2011-97450,2015,FIRST,HIST 1(SSP),V2-2R,3,,1,1.0000,
2011-97450,2015,FIRST,ENG 2(AH),U-6R,3,,2,1.0000,
2011-97450,2015,FIRST,MATH 14,YZ-3R,3,,3,1.0000,
2011-97450,2015,FIRST,SPCM 1(AH),F-6R,3,,4,1.0000,
2011-97450,2015,FIRST,CERP 140,Y,3,,5,1.0000,
2011-23975,2015,FIRST,VPTH 121,CD-3L,4,,1,1.0000,
2011-23975,2015,FIRST,VMCB 121,E-3L,4,,2,1.0000,
2011-23975,2015,FIRST,VPAR 131,Y-3L+,4,,3,1.0000,
2012-35005,2015,FIRST,ENSC 11,Y,3,,2,1.0000,
2012-35005,2015,FIRST,STAT 101,B-4L,3,,3,1.0000,
2012-35005,2015,FIRST,PHYS 82,DV-3L,5,,4,1.0000,
2012-35005,2015,FIRST,IE 164,C,3,,5,1.0000,
2012-69923,2015,FIRST,BIO 1,C-1L,3,,1,1.0000,
2012-39392,2015,FIRST,NSTP 1,DC-GH,0,,2,1.0000,
2012-39392,2015,FIRST,PHYS 13,U-5L,3,,3,1.0000,
2012-39392,2015,FIRST,ENSC 11,Y,3,,4,1.0000,
2012-39392,2015,FIRST,NASC 5(MST),W-3R,3,,5,1.0000,
2012-39392,2015,FIRST,STAT 1,S-9L,3,,6,1.0000,
2012-39392,2015,FIRST,ENSC 10b,3L,2,,7,1.0000,
2011-08757,2015,FIRST,ENSC 12,F,3,,2,1.0000,
2011-08757,2015,FIRST,ENSC 21,T,3,,3,1.0000,
2011-08757,2015,FIRST,CHEM 160,X,3,,4,1.0000,
2011-08757,2015,FIRST,EE 1,GH-2L,3,,5,1.0000,
2011-08757,2015,FIRST,PI 10(SSP),A-6R,3,,6,1.0000,
2012-18669,2015,FIRST,NSTP 1,EM2,0,,1,1.0000,
2012-18669,2015,FIRST,CMSC 124,T-3L,3,,2,1.0000,
2012-18669,2015,FIRST,CMSC 127,ST-3L,3,,3,1.0000,
2012-18669,2015,FIRST,SPCM 1(AH),U1-5R,3,,4,1.0000,
2012-18669,2015,FIRST,MATH 27,W-3R,3,,5,1.0000,
2012-18669,2015,FIRST,STAT 1,H-5L,3,,6,1.0000,
2013-01349,2015,FIRST,NSTP 1,HE-EF2,0,,1,1.0000,
2013-01349,2015,FIRST,PHYS 81,GY-6L,5,,2,1.0000,
2013-01349,2015,FIRST,CHEM 15.0,S,3,,3,1.0000,
2013-01349,2015,FIRST,CMSC 11,T-6L,3,,4,1.0000,
2013-01349,2015,FIRST,ENSC 10b,7L,2,,5,1.0000,
2012-16944,2015,FIRST,ENSC 12,U,3,,2,1.0000,
2012-16944,2015,FIRST,ENSC 13,F,3,,3,1.0000,
2012-16944,2015,FIRST,ENSC 14,G,3,,4,1.0000,
2012-16944,2015,FIRST,ENSC 21,V,3,,5,1.0000,
2012-16944,2015,FIRST,IT 1(MST),V-3L,3,,6,1.0000,
2014-98835,2015,FIRST,NSTP 1,AS2,0,,1,1.0000,
2014-98835,2015,FIRST,FRM 62,G-1L,4,,2,1.0000,
2014-98835,2015,FIRST,FBS 9,Y-1L,3,,3,1.0000,
2014-98835,2015,FIRST,FBS 21,A-2L,4,,4,1.0000,
2014-98835,2015,FIRST,SFI 10,T-1L,3,,6,1.0000,
2009-60988,2015,FIRST,VPHM 141,F-2L,4,,1,1.0000,
2009-60988,2015,FIRST,CHEM 160.1,2L,2,,2,1.0000,
2009-60988,2015,FIRST,VETA 101,GH-3L,5,,3,1.0000,
2009-60988,2015,FIRST,VPHY 143,A-4L,4,,4,1.0000,
2009-00725,2015,FIRST,CMSC 137,CD-1L,3,,2,1.0000,
2009-00725,2015,FIRST,MATH 28,T-4R,3,,3,1.0000,
2009-00725,2015,FIRST,CMSC 142,C-3L,3,,4,1.0000,
2009-00725,2015,FIRST,MGT 131,F,3,,5,1.0000,
2011-63047,2015,FIRST,ABE 180,Y,3,,1,1.0000,
2011-63047,2015,FIRST,CE 121,AB1-1C,3,,2,1.0000,
2011-63047,2015,FIRST,CE 133,CD-2C,3,,3,1.0000,
2011-63047,2015,FIRST,CE 151,V,3,,4,1.0000,
2011-63047,2015,FIRST,EE 1,YZ-5L,3,,5,1.0000,
2013-40497,2015,FIRST,NSTP 1,AS1,0,,1,1.0000,
2013-40497,2015,FIRST,PHYS 81,ABST-2L,5,,3,1.0000,
2013-40497,2015,FIRST,MATH 38,T-3R,3,,4,1.0000,
2013-40497,2015,FIRST,HUM 1(AH),E,3,,5,1.0000,
2013-40497,2015,FIRST,PI 10(SSP),V-6R,3,,6,1.0000,
2008-01488,2015,FIRST,MATH 37,C-5R,5,,1,1.0000,
2012-04619,2015,FIRST,NSTP 1,FR-EF,0,,1,1.0000,
2012-04619,2015,FIRST,ENSC 12,X,3,,2,1.0000,
2012-04619,2015,FIRST,ENSC 26,C-2L,3,,3,1.0000,
2012-04619,2015,FIRST,HUM 3(AH),W,3,,4,1.0000,
2012-04619,2015,FIRST,EE 170,D,3,,5,1.0000,
2012-04619,2015,FIRST,NASC 6(MST),C,3,,6,1.0000,
2012-03169,2015,FIRST,ENTR 1(SSP),B-2R,3,,1,1.0000,
2012-03169,2015,FIRST,POSC 1(SSP),W-3R,3,,2,1.0000,
2012-03169,2015,FIRST,EE 12,V-1L,4,,3,1.0000,
2012-03169,2015,FIRST,EE 18,Y,3,,4,1.0000,
2010-56833,2015,FIRST,ENG 2(AH),Y-4R,3,,2,1.0000,
2010-56833,2015,FIRST,ENSC 10b,3L,2,,3,1.0000,
2010-56833,2015,FIRST,ECON 10(SSP),T,3,,4,1.0000,
2010-56833,2015,FIRST,ENSC 21,C,3,,5,1.0000,
2010-56833,2015,FIRST,EE 12,V-2L,4,,6,1.0000,
2012-07445,2015,FIRST,NSTP 1,AS1,0,,1,1.0000,
2012-07445,2015,FIRST,IE 21,X,3,,2,1.0000,
2012-07445,2015,FIRST,ENSC 14a,YG-1C,5,,3,1.0000,
2012-07445,2015,FIRST,ENG 2(AH),Y-4R,3,,4,1.0000,
2012-07445,2015,FIRST,STAT 101,B-6L,3,,5,1.0000,
2012-37404,2015,FIRST,SPCM 1(AH),W-6R,3,,1,1.0000,
2012-37404,2015,FIRST,CHEM 15.0,T,3,,2,1.0000,
2012-37404,2015,FIRST,ENG 2(AH),U-2R,3,,3,1.0000,
2012-37404,2015,FIRST,MATH 14,S-3R,3,,4,1.0000,
2012-37404,2015,FIRST,STAT 1,Z-6L,3,,5,1.0000,
2013-08246,2015,FIRST,CHEM 15.0,H,3,,1,1.0000,
2013-08246,2015,FIRST,HUME 10(SSP),U-3R,3,,2,1.0000,
2013-08246,2015,FIRST,SPAN I,V,3,,3,1.0000,
2010-58550,2015,FIRST,NASC 5(MST),CD-2R,3,,3,1.0000,
2010-58550,2015,FIRST,AEC 1,T-2R,3,,4,1.0000,
2010-58550,2015,FIRST,SOSC 1(SSP),S-5R,3,,5,1.0000,
2010-39222,2015,FIRST,ENSC 12,U,3,,1,1.0000,
2010-39222,2015,FIRST,ENSC 14a,ZH,5,,2,1.0000,
2010-39222,2015,FIRST,PHYS 83,BT-2L,5,,3,1.0000,
2013-47758,2015,FIRST,NSTP 1,AS3,0,,2,1.0000,
2013-47758,2015,FIRST,FPPS 11,ST1-1L,3,,3,1.0000,
2013-47758,2015,FIRST,ENG 1(AH),E-1R,3,,4,1.0000,
2013-47758,2015,FIRST,MATH 14,B-5R,3,,5,1.0000,
2013-47758,2015,FIRST,FBS 21,A-5L,4,,6,1.0000,
2009-29173,2015,FIRST,MATH 165,T,3,,1,1.0000,
2009-29173,2015,FIRST,MATH 181,V,3,,5,1.0000,
2009-29173,2015,FIRST,ECON 11,C-6R,3,,6,1.0000,
2010-12392,2015,FIRST,ABE 50,A-2L,3,,1,1.0000,
2010-12392,2015,FIRST,ENG 2(AH),F-5R,3,,2,1.0000,
2010-12392,2015,FIRST,MATH 28,T-3R,3,,3,1.0000,
2010-12392,2015,FIRST,HUM 1(AH),V,3,,4,1.0000,
2013-62584,2015,FIRST,NSTP 1,EM2,0,,1,1.0000,
2013-62584,2015,FIRST,HIST 1(SSP),V2-6R,3,,2,1.0000,
2013-62584,2015,FIRST,ENG 2(AH),G-3R,3,,3,1.0000,
2013-62584,2015,FIRST,MATH 14,S-2R,3,,4,1.0000,
2013-62584,2015,FIRST,BIO 150,U-1L,3,,5,1.0000,
2013-62584,2015,FIRST,ZOO 3,ST-3L,3,,6,1.0000,
2011-22635,2015,FIRST,PI 10(SSP),A-6R,3,,1,1.0000,
2011-22635,2015,FIRST,FST 101,ST-2L,3,,2,1.0000,
2011-22635,2015,FIRST,CHEM 160,U,3,,3,1.0000,
2011-22635,2015,FIRST,AGRI 199,Y4,1,,5,1.0000,
2007-55709,2015,FIRST,ABE 70,Y-1L,3,,2,1.0000,
2012-64316,2015,FIRST,ABE 71,T-2L,3,,1,1.0000,
2012-64316,2015,FIRST,ABE 180,Y,3,,2,1.0000,
2012-64316,2015,FIRST,CE 121,AB1-1C,3,,3,1.0000,
2012-64316,2015,FIRST,CE 151,V,3,,4,1.0000,
2012-64316,2015,FIRST,CE 131,U-2C,3,,5,1.0000,
2013-03278,2015,FIRST,NSTP 1,EM1,0,,2,1.0000,
2013-03278,2015,FIRST,FPPS 11,ST1-1L,3,,3,1.0000,
2013-03278,2015,FIRST,PSY 1(SSP),E-5R,3,,4,1.0000,
2013-03278,2015,FIRST,ZOO 1,T-2L,3,,5,1.0000,
2013-03278,2015,FIRST,ENG 1(AH),H-4R,3,,6,1.0000,
2013-03278,2015,FIRST,CHEM 15.0,T,3,,7,1.0000,
2012-51984,2015,FIRST,NSTP 1,FR-EF,0,,1,1.0000,
2012-51984,2015,FIRST,ENSC 13,X,3,,3,1.0000,
2012-51984,2015,FIRST,EE 1,YZ-1L,3,,4,1.0000,
2012-51984,2015,FIRST,ENSC 10b,5L,2,,5,1.0000,
2012-51984,2015,FIRST,ENG 2(AH),G-4R,3,,6,1.0000,
2012-51984,2015,FIRST,SOSC 3(SSP),F-1R,3,,7,1.0000,
2013-18735,2015,FIRST,PE 1,YZ2,0,,1,1.0000,
2013-18735,2015,FIRST,NSTP 1,AS2,0,,2,1.0000,
2013-18735,2015,FIRST,HUM 1(AH),X,3,,3,1.0000,
2013-18735,2015,FIRST,NASC 6(MST),C,3,,4,1.0000,
2013-18735,2015,FIRST,ENG 2(AH),F-5R,3,,5,1.0000,
2013-18735,2015,FIRST,ENTR 1(SSP),ST-5R,3,,6,1.0000,
2013-18735,2015,FIRST,SOSC 1(SSP),C-6R,3,,7,1.0000,
2012-40243,2015,FIRST,ENSC 12,T,3,,2,1.0000,
2012-40243,2015,FIRST,EE 1,YZ-6L,3,,3,1.0000,
2012-40243,2015,FIRST,CHEM 160,X,3,,4,1.0000,
2012-40243,2015,FIRST,SPCM 1(AH),G-3R,3,,5,1.0000,
2012-40243,2015,FIRST,SOSC 3(SSP),V-5R,3,,7,1.0000,
2010-39087,2015,FIRST,APHY 102,H-3L,3,,2,1.0000,
2010-39087,2015,FIRST,MATH 38,T-4R,3,,4,1.0000,
2010-39087,2015,FIRST,CHEM 40.0,C,3,,7,1.0000,
2010-39087,2015,FIRST,CHEM 40.1,28L,1,,8,1.0000,
2010-39087,2015,FIRST,PI 10(SSP),G1-2R,3,,0,0.0000,
2014-98842,2015,FIRST,PE 1,AB2,0,,1,1.0000,
2014-98842,2015,FIRST,NSTP 1,AS1,0,,2,1.0000,
2014-98842,2015,FIRST,SFI 10,T-1L,3,,3,1.0000,
2014-98842,2015,FIRST,SFI 31,G-2L,4,,4,1.0000,
2014-98842,2015,FIRST,FPPS 11,ST1-1L,3,,5,1.0000,
2014-98842,2015,FIRST,FBS 9,Y-4L,3,,6,1.0000,
2013-68171,2015,FIRST,NSTP 1,EN1,0,,1,1.0000,
2013-68171,2015,FIRST,CMSC 131,AB-4L,3,,2,1.0000,
2013-68171,2015,FIRST,CMSC 100,EF-4L,3,,3,1.0000,
2013-68171,2015,FIRST,SPCM 1(AH),Y-6R,3,,4,1.0000,
2013-68171,2015,FIRST,CMSC 57,T-2L,3,,5,1.0000,
2013-68171,2015,FIRST,MATH 27,A-2R,3,,6,1.0000,
2014-98843,2015,FIRST,NSTP 1,AS2,0,,1,1.0000,
2014-98843,2015,FIRST,PE 1,AB1,0,,2,1.0000,
2014-98843,2015,FIRST,FRM 62,G-1L,4,,3,1.0000,
2014-98843,2015,FIRST,FBS 9,Y-1L,3,,4,1.0000,
2014-98843,2015,FIRST,FBS 21,A-6L,4,,5,1.0000,
2014-98843,2015,FIRST,SFI 10,T-2L,3,,7,1.0000,
2010-28453,2015,FIRST,ENG 2(AH),U-5R,3,,2,1.0000,
2010-28453,2015,FIRST,DEVC 199,S2,1,,3,1.0000,
2014-98844,2015,FIRST,NSTP 1,DC-GH,0,,1,1.0000,
2014-98844,2015,FIRST,FRM 62,G-1L,4,,2,1.0000,
2014-98844,2015,FIRST,FBS 9,Y-1L,3,,3,1.0000,
2014-98844,2015,FIRST,FBS 21,A-4L,4,,4,1.0000,
2014-98844,2015,FIRST,SFI 10,B-2L,3,,6,1.0000,
2011-67879,2015,FIRST,CMSC 137,CD-2L,3,,1,1.0000,
2011-67879,2015,FIRST,CMSC 141,D-6L,3,,2,1.0000,
2011-67879,2015,FIRST,MATH 28,T-5R,3,,3,1.0000,
2011-67879,2015,FIRST,CMSC 165,U-3L,3,,4,1.0000,
2011-67879,2015,FIRST,ENG 10,C-2R,3,,5,1.0000,
2008-69108,2015,FIRST,BIO 30,A-6L,3,,1,1.0000,
2008-69108,2015,FIRST,MATH 28,T-4R,3,,2,1.0000,
2008-69108,2015,FIRST,MATH 101,Y-6L,3,,3,1.0000,
2008-69108,2015,FIRST,STAT 1,H-2L,3,,4,1.0000,
2011-09223,2015,FIRST,PE 1,ST1,0,,1,1.0000,
2011-09223,2015,FIRST,NSTP 1,AS2,0,,2,1.0000,
2011-09223,2015,FIRST,MATH 27,W-2R,3,,3,1.0000,
2011-09223,2015,FIRST,STAT 1,V-10L,3,,4,1.0000,
2011-09223,2015,FIRST,NASC 3(MST),UV-1R,3,,5,1.0000,
2011-09223,2015,FIRST,NASC 5(MST),CD-2R,3,,6,1.0000,
2011-09223,2015,FIRST,CMSC 131,C-1L,3,,7,1.0000,
2011-29463,2015,FIRST,NSTP 1,AS1,0,,1,1.0000,
2011-29463,2015,FIRST,EE 21,D-2L,4,,2,1.0000,
2011-29463,2015,FIRST,EE 41,U-1L,4,,3,1.0000,
2011-29463,2015,FIRST,ENSC 14a,ZH-1C,5,,5,1.0000,
2009-03902,2015,FIRST,HIST 1(SSP),V2-6R,3,,1,1.0000,
2008-56180,2015,FIRST,ENG 10,B-5R,3,,2,1.0000,
2008-56180,2015,FIRST,EE 141,V-1L,3,,3,1.0000,
2010-67027,2015,FIRST,HUM 3(AH),W,3,,1,1.0000,
2010-67027,2015,FIRST,SOSC 3(SSP),V-4R,3,,3,1.0000,
2010-67027,2015,FIRST,MCB 101,F-3L,3,,4,1.0000,
2011-00177,2015,FIRST,CMSC 137,CD-2L,3,,1,1.0000,
2011-00177,2015,FIRST,CMSC 150,EF-5L,3,,2,1.0000,
2011-00177,2015,FIRST,PSY 1(SSP),B-6R,3,,3,1.0000,
2011-00177,2015,FIRST,STAT 1,D-6L,3,,4,1.0000,
2011-00177,2015,FIRST,CMSC 131,C-2L,3,,5,1.0000,
2011-51742,2015,FIRST,NSTP 1,AS4,0,,1,1.0000,
2011-51742,2015,FIRST,EE 12,V-1L,4,,2,1.0000,
2011-51742,2015,FIRST,NASC 3(MST),EF-2R,3,,3,1.0000,
2009-57027,2015,FIRST,ENG 2(AH),G-2R,3,,2,1.0000,
2009-57027,2015,FIRST,PHYS 82,DV-3L,5,,3,1.0000,
2009-57027,2015,FIRST,MATH 38,T-2R,3,,4,1.0000,
2009-57027,2015,FIRST,ENSC 10b,8L,2,,5,1.0000,
2011-03724,2015,FIRST,MGT 1,X-2L,3,,1,1.0000,
2011-03724,2015,FIRST,AGRI 195,CD-3L,3,,2,1.0000,
2011-03724,2015,FIRST,ENG 2(AH),G-6R,3,,3,1.0000,
2011-03724,2015,FIRST,FST 101,S-2L,3,,4,1.0000,
2011-03724,2015,FIRST,CHEM 160,S,3,,5,1.0000,
2009-34602,2015,FIRST,CE 135,CD,3,,1,1.0000,
2009-34602,2015,FIRST,CE 133,AB-1C,3,,3,1.0000,
2009-34602,2015,FIRST,CE 134,T-1C,3,,4,1.0000,
2009-34602,2015,FIRST,CE 199,G,1,,5,1.0000,
2009-34602,2015,FIRST,IT 1(MST),V-1L,3,,6,1.0000,
2010-18453,2015,FIRST,SOSC 1(SSP),S-1R,3,,1,1.0000,
2010-18453,2015,FIRST,PSY 1(SSP),X2-4R,3,,2,1.0000,
2010-18453,2015,FIRST,ENG 10,T-3R,3,,3,1.0000,
2010-18453,2015,FIRST,IT 1(MST),V-4L,3,,5,1.0000,
2012-17378,2015,FIRST,NSTP 1,EM2,0,,1,1.0000,
2012-17378,2015,FIRST,ENSC 21,Y,3,,2,1.0000,
2012-17378,2015,FIRST,ENG 2(AH),F-5R,3,,3,1.0000,
2012-17378,2015,FIRST,STAT 1,H-9L,3,,4,1.0000,
2012-17378,2015,FIRST,ENSC 10b,2L,2,,5,1.0000,
2012-17378,2015,FIRST,ENSC 11,V,3,,6,1.0000,
2013-27640,2015,FIRST,NSTP 1,EM1,0,,1,1.0000,
2013-27640,2015,FIRST,STAT 135,W-3R,3,,2,1.0000,
2013-27640,2015,FIRST,STAT 144,CD-2R,3,,3,1.0000,
2013-27640,2015,FIRST,SPCM 1(AH),Y-5R,3,,4,1.0000,
2013-27640,2015,FIRST,STAT 172,AB-3L,3,,5,1.0000,
2013-27640,2015,FIRST,CMSC 22,WX-7L,3,,6,1.0000,
2010-42120,2015,FIRST,AECO 151,ST-1R,3,,1,1.0000,
2010-42120,2015,FIRST,ENG 2(AH),G-2R,3,,2,1.0000,
2010-42120,2015,FIRST,ECON 130,E,3,,3,1.0000,
2010-42120,2015,FIRST,AECO 110,U-1L,3,,4,1.0000,
2010-42120,2015,FIRST,AECO 123,U-2R,3,,5,1.0000,
2009-17589,2015,FIRST,CMSC 21,ST-2L,3,,2,1.0000,
2009-17589,2015,FIRST,MGT 1,X-2L,3,,3,1.0000,
2009-17589,2015,FIRST,DEVC 199,A2,1,,5,1.0000,
2009-17589,2015,FIRST,CMSC 22,WX-6L,3,,6,1.0000,
2008-07276,2015,FIRST,SOC 130,T,3,,2,1.0000,
2011-50174,2015,FIRST,NSTP 1,AS2,0,,1,1.0000,
2011-50174,2015,FIRST,CMSC 137,B-3L,3,,2,1.0000,
2011-50174,2015,FIRST,SOSC 4(SSP),C-5R,3,,3,1.0000,
2011-50174,2015,FIRST,SOSC 3(SSP),Y-1R,3,,4,1.0000,
2011-50174,2015,FIRST,ENG 10,T-5R,3,,5,1.0000,
2011-50174,2015,FIRST,CMSC 165,U-3L,3,,6,1.0000,
2010-64792,2015,FIRST,VETA 101,GH-3L,5,,1,1.0000,
2010-64792,2015,FIRST,STAT 1,S-3L,3,,2,1.0000,
2010-64792,2015,FIRST,CHEM 160,V,3,,3,1.0000,
2010-64792,2015,FIRST,VPTH 121,CD-2L,4,,4,1.0000,
2013-19492,2015,FIRST,NSTP 1,HE-EF1,0,,1,1.0000,
2013-19492,2015,FIRST,FBS 31,AB-4L,3,,2,1.0000,
2013-19492,2015,FIRST,SFI 100,U-1L,3,,3,1.0000,
2013-19492,2015,FIRST,ECON 11,C-2R,3,,4,1.0000,
2013-19492,2015,FIRST,MATH 14,B-5R,3,,5,1.0000,
2013-00602,2015,FIRST,NSTP 1,HE-EF1,0,,1,1.0000,
2013-00602,2015,FIRST,CHEM 15.0,S,3,,3,1.0000,
2013-00602,2015,FIRST,CHEM 15.1,16L,2,,4,1.0000,
2013-00602,2015,FIRST,MATH 14,B-3R,3,,5,1.0000,
2013-00602,2015,FIRST,STAT 1,D-3L,3,,6,1.0000,
2013-00602,2015,FIRST,PSY 1(SSP),C-4R,3,,7,1.0000,
2012-02381,2015,FIRST,MATH 26,W-5R,3,,1,1.0000,
2012-02381,2015,FIRST,PHYS 3,X-6L,3,,2,1.0000,
2012-02381,2015,FIRST,HIST 1(SSP),V2-2R,3,,4,1.0000,
2012-37382,2015,FIRST,NSTP 1,AS2,0,,1,1.0000,
2012-37382,2015,FIRST,ENSC 12,V,3,,2,1.0000,
2012-37382,2015,FIRST,MCB 1,C-4L,3,,3,1.0000,
2012-37382,2015,FIRST,CHEM 32.0,T,3,,4,1.0000,
2012-37382,2015,FIRST,CHEM 32.1,8L,2,,5,1.0000,
2012-37382,2015,FIRST,PHYS 13,U-3L,3,,6,1.0000,
2012-37382,2015,FIRST,CHEM 40.1,21L,1,,7,1.0000,
2012-57141,2015,FIRST,PE 1,YZ2,0,,1,1.0000,
2012-57141,2015,FIRST,IE 143,E,3,,2,1.0000,
2012-57141,2015,FIRST,ENSC 13,F,3,,3,1.0000,
2012-57141,2015,FIRST,IE 142,X,3,,4,1.0000,
2012-57141,2015,FIRST,IE 164,C,3,,5,1.0000,
2012-57141,2015,FIRST,IE 21,X,3,,6,1.0000,
2012-54950,2015,FIRST,EE 11,V-1L,4,,2,1.0000,
2012-54950,2015,FIRST,ENSC 21,U,3,,3,1.0000,
2012-54950,2015,FIRST,ENSC 14a,ZH,5,,4,1.0000,
2012-54950,2015,FIRST,CHEM 15.0,H,3,,5,1.0000,
2008-08949,2015,FIRST,ENSC 13,U,3,,1,1.0000,
2008-08949,2015,FIRST,MATH 38,T-2R,3,,2,1.0000,
2008-08949,2015,FIRST,ENG 10,C-6R,3,,4,1.0000,
2010-41403,2015,FIRST,MATH 181,V,3,,3,1.0000,
2010-41403,2015,FIRST,MATH 20,Z,3,,4,1.0000,
2010-41403,2015,FIRST,ENG 2(AH),G-5R,3,,5,1.0000,
2010-41403,2015,FIRST,SPCM 1(AH),W-6R,3,,6,1.0000,
2010-41403,2015,FIRST,PI 10(SSP),U-6R,3,,0,0.0000,
2012-11766,2015,FIRST,AGRI 195,CD-5L,3,,1,1.0000,
2012-11766,2015,FIRST,SOSC 1(SSP),S-5R,3,,2,1.0000,
2012-11766,2015,FIRST,STAT 162,G-4L,3,,3,1.0000,
2012-11766,2015,FIRST,FST 122,B-2L,3,,4,1.0000,
2012-11766,2015,FIRST,ECON 11,W-1R,3,,5,1.0000,
2011-38287,2015,FIRST,CMSC 131,C-3L,3,,1,1.0000,
2011-38287,2015,FIRST,CMSC 100,EF-2L,3,,2,1.0000,
2011-38287,2015,FIRST,CMSC 57,T-3L,3,,3,1.0000,
2011-38287,2015,FIRST,MATH 28,T-2R,3,,4,1.0000,
2011-38287,2015,FIRST,CMSC 150,EF-6L,3,,5,1.0000,
2012-61785,2015,FIRST,NSTP 1,HE-EF2,0,,1,1.0000,
2012-61785,2015,FIRST,NASC 3(MST),UV-4R,3,,3,1.0000,
2012-61785,2015,FIRST,ECON 104,W,3,,4,1.0000,
2012-61785,2015,FIRST,HUM 2(AH),D-5R,3,,5,1.0000,
2012-61785,2015,FIRST,PI 10(SSP),G1-1R,3,,7,1.0000,
2012-61785,2015,FIRST,POSC 1(SSP),T-2R,3,,8,1.0000,
2013-47413,2015,FIRST,ENSC 21,U,3,,1,1.0000,
2013-47413,2015,FIRST,ENSC 26,C-2L,3,,2,1.0000,
2013-47413,2015,FIRST,PHYS 81,GY-2L,5,,3,1.0000,
2013-47413,2015,FIRST,STAT 101,B-4L,3,,4,1.0000,
2011-20540,2015,FIRST,IE 150,U,3,,1,1.0000,
2011-20540,2015,FIRST,ABE 31,B-2L,2,,2,1.0000,
2011-20540,2015,FIRST,ENSC 14a,YG-2C,5,,4,1.0000,
2013-07718,2015,FIRST,STAT 1,S-7L,3,,2,1.0000,
2013-07718,2015,FIRST,PHYS 3,E-6L,3,,3,1.0000,
2013-07718,2015,FIRST,BOT 1,T-9L,3,,4,1.0000,
2013-07718,2015,FIRST,CHEM 15.0,G,3,,5,1.0000,
2013-07718,2015,FIRST,ECON 11,C-3R,3,,6,1.0000,
2010-24949,2015,FIRST,VPTH 121,CD-2L,4,,1,1.0000,
2010-24949,2015,FIRST,VMCB 121,E-2L,4,,2,1.0000,
2010-24949,2015,FIRST,ZOTC 115,ST-5L,3,,3,1.0000,
2010-24949,2015,FIRST,STAT 162,G-3L,3,,4,1.0000,
2013-08151,2015,FIRST,ENSC 11,W,3,,2,1.0000,
2013-08151,2015,FIRST,IE 31,F,3,,3,1.0000,
2013-08151,2015,FIRST,PHYS 82,DV-4L,5,,4,1.0000,
2013-08151,2015,FIRST,MATH 38,T-4R,3,,5,1.0000,
2011-59842,2015,FIRST,PE 1,ST1,0,,1,1.0000,
2011-59842,2015,FIRST,PHYS 3,X-4L,3,,2,1.0000,
2011-59842,2015,FIRST,AECO 111,U-1L,3,,3,1.0000,
2011-59842,2015,FIRST,ENG 1(AH),A-4R,3,,4,1.0000,
2011-59842,2015,FIRST,ANSC 2,T-4L,3,,5,1.0000,
2011-59842,2015,FIRST,BIO 30,A-1L,3,,6,1.0000,
2010-43453,2015,FIRST,HUM 1(AH),E,3,,1,1.0000,
2010-43453,2015,FIRST,STS 1,Y2,3,,2,1.0000,
2010-43453,2015,FIRST,STAT 162,G-3L,3,,3,1.0000,
2010-43453,2015,FIRST,BIO 120,S-4L,3,,4,1.0000,
2010-43453,2015,FIRST,ENG 10,C-4R,3,,5,1.0000,
2010-52460,2015,FIRST,ENSC 10b,8L,2,,1,1.0000,
2010-52460,2015,FIRST,ENSC 12,U,3,,2,1.0000,
2010-52460,2015,FIRST,ENSC 13,D,3,,3,1.0000,
2010-52460,2015,FIRST,ENSC 21,Y,3,,4,1.0000,
2010-52460,2015,FIRST,IT 1(MST),V-6L,3,,6,1.0000,
2013-09230,2015,FIRST,MATH 37,G-4R,5,,2,1.0000,
2013-09230,2015,FIRST,PHYS 81,ABST-3L,5,,3,1.0000,
2013-09230,2015,FIRST,HUM 3(AH),F,3,,4,1.0000,
2010-41429,2015,FIRST,ENG 2(AH),Y-1R,3,,1,1.0000,
2010-41429,2015,FIRST,MATH 26,W-4R,3,,2,1.0000,
2010-41429,2015,FIRST,STAT 1,D-6L,3,,3,1.0000,
2010-41429,2015,FIRST,ECON 101,T-6R,3,,4,1.0000,
2010-41429,2015,FIRST,PHYS 3,E-6L,3,,5,1.0000,
2014-44101,2015,FIRST,NSTP 1,FR-EF,0,,1,1.0000,
2014-44101,2015,FIRST,MATH 17,B-1R,5,,2,1.0000,
2014-44101,2015,FIRST,ENG 1(AH),V-1R,3,,3,1.0000,
2014-44101,2015,FIRST,BIO 2,W-6L,3,,4,1.0000,
2014-44101,2015,FIRST,ANSC 1,S-6L,3,,5,1.0000,
2012-03542,2015,FIRST,PSY 1(SSP),B-6R,3,,1,1.0000,
2012-03542,2015,FIRST,SOSC 1(SSP),X-4R,3,,2,1.0000,
2012-03542,2015,FIRST,MATH 36,H-3R,5,,3,1.0000,
2012-03542,2015,FIRST,STAT 1,S-1L,3,,4,1.0000,
2011-48901,2015,FIRST,STAT 1,V-1L,3,,1,1.0000,
2011-48901,2015,FIRST,MATH 26,EF-5R,3,,2,1.0000,
2011-48901,2015,FIRST,PHYS 3,E-3L,3,,3,1.0000,
2011-48901,2015,FIRST,ENG 10,C-2R,3,,4,1.0000,
2011-48901,2015,FIRST,PPTH 104,B-2L,3,,5,1.0000,
2011-25221,2015,FIRST,PI 10(SSP),Z1-1R,3,,2,1.0000,
2011-25221,2015,FIRST,CHEM 15.0,S,3,,3,1.0000,
2011-25221,2015,FIRST,CHEM 15.1,23L,2,,4,1.0000,
2011-25221,2015,FIRST,MATH 14,B-4R,3,,5,1.0000,
2011-25221,2015,FIRST,FBS 21,A-2L,4,,6,1.0000,
2012-21581,2015,FIRST,NSTP 1,AS1,0,,1,1.0000,
2012-21581,2015,FIRST,MATH 37,C-3R,5,,2,1.0000,
2012-21581,2015,FIRST,HUM 2(AH),V-5R,3,,3,1.0000,
2012-21581,2015,FIRST,HUM 3(AH),F,3,,5,1.0000,
2012-21581,2015,FIRST,STAT 101,B-4L,3,,6,1.0000,
2012-62901,2015,FIRST,IE 21,X,3,,1,1.0000,
2012-62901,2015,FIRST,ENSC 11,W,3,,2,1.0000,
2012-62901,2015,FIRST,ENSC 14a,ZH-1C,5,,3,1.0000,
2012-62901,2015,FIRST,ABE 31,B-2L,2,,4,1.0000,
2012-62901,2015,FIRST,ENSC 10b,2L,2,,5,1.0000,
2012-15453,2015,FIRST,NSTP 1,AS3,0,,1,1.0000,
2012-15453,2015,FIRST,ENG 1(AH),B-4R,3,,3,1.0000,
2012-15453,2015,FIRST,CHEM 15.1,25L,2,,4,1.0000,
2012-15453,2015,FIRST,CHEM 15.0,G,3,,5,1.0000,
2012-15453,2015,FIRST,MATH 36,H-3R,5,,6,1.0000,
2014-07856,2015,FIRST,NSTP 1,AS4,0,,1,1.0000,
2014-07856,2015,FIRST,MATH 17,A-1R,5,,2,1.0000,
2014-07856,2015,FIRST,SPCM 1(AH),Y-6R,3,,3,1.0000,
2014-07856,2015,FIRST,NASC 5(MST),W-1R,3,,4,1.0000,
2013-23760,2015,FIRST,NSTP 1,VM,0,,1,1.0000,
2013-23760,2015,FIRST,MATH 37,C-2R,5,,2,1.0000,
2013-23760,2015,FIRST,CMSC 11,T-4L,3,,3,1.0000,
2013-23760,2015,FIRST,ENSC 10b,7L,2,,4,1.0000,
2013-23760,2015,FIRST,PI 10(SSP),B-6R,3,,5,1.0000,
2014-71680,2015,FIRST,NSTP 1,EN2,0,,2,1.0000,
2014-71680,2015,FIRST,ZOO 1,A-1L,3,,3,1.0000,
2014-71680,2015,FIRST,ENG 1(AH),H-3R,3,,4,1.0000,
2014-71680,2015,FIRST,ENTR 1(SSP),B-2R,3,,5,1.0000,
2014-71680,2015,FIRST,CRSC 1,U-2L,3,,6,1.0000,
2014-71680,2015,FIRST,CRPT 1,T-1L,3,,7,1.0000,
2011-21476,2015,FIRST,NSTP 1,AS3,0,,1,1.0000,
2011-21476,2015,FIRST,ABE 71,C-2L,3,,2,1.0000,
2011-21476,2015,FIRST,ABE 180,Y,3,,3,1.0000,
2011-21476,2015,FIRST,CE 133,AB-2C,3,,4,1.0000,
2011-21476,2015,FIRST,CE 151,V,3,,5,1.0000,
2011-21476,2015,FIRST,ENG 2(AH),Y-5R,3,,6,1.0000,
2012-34540,2015,FIRST,ENSC 12,D,3,,1,1.0000,
2012-34540,2015,FIRST,ENSC 13,T,3,,2,1.0000,
2012-34540,2015,FIRST,ABE 31,B-2L,2,,3,1.0000,
2012-34540,2015,FIRST,IT 1(MST),V-6L,3,,5,1.0000,
2012-34540,2015,FIRST,IE 150,U,3,,6,1.0000,
2009-17577,2015,FIRST,ZOTC 115,ST-2L,3,,1,1.0000,
2009-17577,2015,FIRST,VPAR 131,Y-4L,4,,2,1.0000,
2009-17577,2015,FIRST,VPHM 141,F-2L,4,,3,1.0000,
2009-17577,2015,FIRST,CHEM 160,W,3,,4,1.0000,
2013-07992,2015,FIRST,NSTP 1,EM2,0,,2,1.0000,
2013-07992,2015,FIRST,FBS 31,AB-4L,3,,3,1.0000,
2013-07992,2015,FIRST,SFI 100,U-2L,3,,4,1.0000,
2013-07992,2015,FIRST,ECON 11,C-7R,3,,5,1.0000,
2013-07992,2015,FIRST,HUM 3(AH),F,3,,6,1.0000,
2013-07992,2015,FIRST,MATH 14,B-5R,3,,7,1.0000,
2011-48827,2015,FIRST,ENG 2(AH),Y-5R,3,,2,1.0000,
2011-48827,2015,FIRST,STAT 1,S-7L,3,,3,1.0000,
2011-48827,2015,FIRST,ENSC 11,E,3,,4,1.0000,
2011-48827,2015,FIRST,MATH 28,T-5R,3,,5,1.0000,
2011-48827,2015,FIRST,ABE 70,Y-1L,3,,6,1.0000,
2014-40842,2015,FIRST,NSTP 1,AS2,0,,1,1.0000,
2014-40842,2015,FIRST,CMSC 21,UV-3L,3,,2,1.0000,
2014-40842,2015,FIRST,CMSC 57,T-3L,3,,3,1.0000,
2014-40842,2015,FIRST,MATH 27,W-1R,3,,4,1.0000,
2014-40842,2015,FIRST,STAT 1,ST-5L,3,,5,1.0000,
2014-40842,2015,FIRST,HUM 2(AH),X1-3R,3,,6,1.0000,
2013-98665,2015,FIRST,NSTP 1,EM1,0,,1,1.0000,
2013-98665,2015,FIRST,ANSC 1,AB-8L,3,,2,1.0000,
2013-98665,2015,FIRST,CHEM 16.0,C,3,,3,1.0000,
2013-98665,2015,FIRST,MATH 14,B-3R,3,,4,1.0000,
2013-98665,2015,FIRST,PI 10(SSP),B-4R,3,,5,1.0000,
2013-98665,2015,FIRST,CRSC 1,U-5L,3,,6,1.0000,
2014-98859,2015,FIRST,NSTP 1,DC-GH,0,,1,1.0000,
2014-98859,2015,FIRST,FRM 62,G-1L,4,,2,1.0000,
2014-98859,2015,FIRST,FBS 9,Y-1L,3,,3,1.0000,
2014-98859,2015,FIRST,FBS 21,A-4L,4,,4,1.0000,
2014-98859,2015,FIRST,SFI 10,B-2L,3,,6,1.0000,
2007-17839,2015,FIRST,ENSC 14a,ZH-2C,5,,1,1.0000,
2007-17839,2015,FIRST,STAT 1,A-9L,3,,2,1.0000,
2014-45787,2015,FIRST,NSTP 1,EN1,0,,2,1.0000,
2014-45787,2015,FIRST,BOT 1,B-1L,3,,3,1.0000,
2014-45787,2015,FIRST,ZOO 1,A-2L,3,,4,1.0000,
2014-45787,2015,FIRST,ENG 1(AH),X2-6R,3,,5,1.0000,
2014-45787,2015,FIRST,SFFG 101,T,3,,6,1.0000,
2014-45787,2015,FIRST,ECON 11,U-6R,3,,7,1.0000,
2014-27819,2015,FIRST,NSTP 1,AS4,0,,1,1.0000,
2014-27819,2015,FIRST,ECON 11,C-1R,3,,2,1.0000,
2014-27819,2015,FIRST,CHEM 15.1,24L,2,,3,1.0000,
2014-27819,2015,FIRST,CHEM 15.0,T,3,,4,1.0000,
2014-27819,2015,FIRST,MATH 36,H-5R,5,,5,1.0000,
2009-17977,2015,FIRST,ENSC 21,C,3,,1,1.0000,
2009-17977,2015,FIRST,ENSC 12,T,3,,2,1.0000,
2009-17977,2015,FIRST,EE 1,YZ-3L,3,,3,1.0000,
2009-17977,2015,FIRST,ChE 32,U-1L,3,,4,1.0000,
2009-17977,2015,FIRST,PI 10(SSP),V-4R,3,,5,1.0000,
2013-06920,2015,FIRST,CHEM 40.0,U,3,,1,1.0000,
2013-06920,2015,FIRST,CHEM 40.1,1L,1,,2,1.0000,
2013-06920,2015,FIRST,SPCM 1(AH),W-3R,3,,3,1.0000,
2013-06920,2015,FIRST,PHYS 1,F-6L,3,,4,1.0000,
2013-06920,2015,FIRST,HFDS 12,D,3,,5,1.0000,
2011-36143,2015,FIRST,MATH 181,V,3,,3,1.0000,
2011-36143,2015,FIRST,MATH 174,B-3L,3,,4,1.0000,
2011-36143,2015,FIRST,ECON 137,U-3L,3,,5,1.0000,
2011-25725,2015,FIRST,PE 1,YZ2,0,,1,1.0000,
2011-25725,2015,FIRST,NSTP 1,FR-EF,0,,2,1.0000,
2011-25725,2015,FIRST,AECO 111,C-1L,3,,3,1.0000,
2011-25725,2015,FIRST,CHEM 15.0,X,3,,4,1.0000,
2011-25725,2015,FIRST,CHEM 15.1,2L,2,,5,1.0000,
2011-25725,2015,FIRST,CRSC 1,Y-3L,3,,6,1.0000,
2011-25725,2015,FIRST,ENG 2(AH),G-3R,3,,7,1.0000,
2011-48849,2015,FIRST,NSTP 1,EN1,0,,1,1.0000,
2011-48849,2015,FIRST,ENG 1(AH),Y-5R,3,,2,1.0000,
2011-48849,2015,FIRST,ABE 30,T,1,,3,1.0000,
2011-48849,2015,FIRST,ANSC 1,AB-7L,3,,4,1.0000,
2011-48849,2015,FIRST,ENSC 10b,5L,2,,5,1.0000,
2011-48849,2015,FIRST,NASC 3(MST),EF-3R,3,,6,1.0000,
2011-48849,2015,FIRST,MATH 1(MST),V,3,,7,1.0000,
2014-98862,2015,FIRST,NSTP 1,VM,0,,1,1.0000,
2014-98862,2015,FIRST,SFI 10,B-2L,3,,2,1.0000,
2014-98862,2015,FIRST,SFI 31,G-2L,4,,3,1.0000,
2014-98862,2015,FIRST,FPPS 11,ST1-1L,3,,4,1.0000,
2014-98862,2015,FIRST,FBS 21,A-4L,4,,5,1.0000,
2012-53867,2015,FIRST,HUM 1(AH),V,3,,1,1.0000,
2012-53867,2015,FIRST,DEVC 101,Y,3,,2,1.0000,
2012-53867,2015,FIRST,DEVC 126,B-2L,3,,3,1.0000,
2012-53867,2015,FIRST,DEVC 153,Z,3,,4,1.0000,
2012-53867,2015,FIRST,POSC 1(SSP),A-3R,3,,5,1.0000,
2013-68215,2015,FIRST,NSTP 1,EN1,0,,1,1.0000,
2013-68215,2015,FIRST,PHYS 82,DV-2L,5,,3,1.0000,
2013-68215,2015,FIRST,MATH 38,T-3R,3,,4,1.0000,
2013-68215,2015,FIRST,ENSC 11,Y,3,,5,1.0000,
2013-68215,2015,FIRST,PI 10(SSP),U-2R,3,,6,1.0000,
2014-98863,2015,FIRST,NSTP 1,AS3,0,,1,1.0000,
2014-98863,2015,FIRST,FRM 62,G-1L,4,,2,1.0000,
2014-98863,2015,FIRST,FBS 21,A-6L,4,,3,1.0000,
2014-98863,2015,FIRST,SFI 10,B-2L,3,,5,1.0000,
2014-98863,2015,FIRST,SFI 31,G-2L,4,,6,1.0000,
2010-29074,2015,FIRST,AECO 151,ST-2R,3,,1,1.0000,
2010-29074,2015,FIRST,SPCM 1(AH),Y-5R,3,,2,1.0000,
2010-29074,2015,FIRST,ECON 130,E,3,,3,1.0000,
2010-29074,2015,FIRST,AECO 110,B-2L,3,,4,1.0000,
2010-29074,2015,FIRST,AECO 150,T-2R,3,,5,1.0000,
2014-74704,2015,FIRST,NSTP 1,EN2,0,,1,1.0000,
2014-74704,2015,FIRST,CHEM 15.0,T,3,,2,1.0000,
2014-74704,2015,FIRST,CHEM 15.1,6L,2,,3,1.0000,
2014-74704,2015,FIRST,SPCM 1(AH),B-4R,3,,4,1.0000,
2014-74704,2015,FIRST,MATH 36,H-5R,5,,5,1.0000,
2013-62576,2015,FIRST,NSTP 1,AS1,0,,1,1.0000,
2013-62576,2015,FIRST,PHYS 81,ABST-4L,5,,3,1.0000,
2013-62576,2015,FIRST,SPCM 1(AH),F-3R,3,,4,1.0000,
2013-62576,2015,FIRST,ENG 2(AH),G-1R,3,,5,1.0000,
2013-62576,2015,FIRST,ENSC 10a,5L,2,,6,1.0000,
2012-22548,2015,FIRST,ENSC 12,E,3,,2,1.0000,
2012-22548,2015,FIRST,ENSC 13,D,3,,3,1.0000,
2012-22548,2015,FIRST,HUME 10(SSP),S-3R,3,,4,1.0000,
2012-22548,2015,FIRST,ENSC 10b,8L,2,,5,1.0000,
2011-27271,2015,FIRST,MATH 101,Y-6L,3,,1,1.0000,
2011-27271,2015,FIRST,MATH 38,T-4R,3,,2,1.0000,
2011-27271,2015,FIRST,STS 1,H,3,,3,1.0000,
2011-27271,2015,FIRST,ECON 102,G1,3,,4,1.0000,
2012-55706,2015,FIRST,EE 11,U-2L,4,,2,1.0000,
2012-55706,2015,FIRST,ENSC 12,T,3,,3,1.0000,
2012-55706,2015,FIRST,ENSC 14a,ZH-1C,5,,4,1.0000,
2010-42112,2015,FIRST,NSTP 1,FR-EF,0,,1,1.0000,
2010-42112,2015,FIRST,MATH 27,W-4R,3,,2,1.0000,
2010-42112,2015,FIRST,ENG 2(AH),F-5R,3,,3,1.0000,
2010-42112,2015,FIRST,PHYS 13,U-2L,3,,5,1.0000,
2010-42112,2015,FIRST,STAT 1,AB-3L,3,,6,1.0000,
2010-38947,2015,FIRST,ENSC 11,Y,3,,1,1.0000,
2010-38947,2015,FIRST,MATH 28,T-4R,3,,2,1.0000,
2011-26933,2015,FIRST,VPTH 121,CD-2L,4,,1,1.0000,
2011-26933,2015,FIRST,VMCB 121,E-3L,4,,2,1.0000,
2011-26933,2015,FIRST,ZOTC 115,ST-4L,3,,3,1.0000,
2011-26933,2015,FIRST,STAT 162,G-3L,3,,4,1.0000,
2012-18630,2015,FIRST,FPPS 11,ST1-1L,3,,2,1.0000,
2012-18630,2015,FIRST,FBS 21,A-4L,4,,3,1.0000,
2012-18630,2015,FIRST,MATH 14,B-2R,3,,4,1.0000,
2012-18630,2015,FIRST,FBS 101,B-3L,3,,5,1.0000,
2011-31405,2015,FIRST,MATH 101,Y-4L,3,,1,1.0000,
2011-31405,2015,FIRST,PHYS 23,F-2L,3,,2,1.0000,
2011-31405,2015,FIRST,MATH 27,W-4R,3,,3,1.0000,
2011-31405,2015,FIRST,ENG 1(AH),V-4R,3,,4,1.0000,
2011-31405,2015,FIRST,PSY 1(SSP),B-2R,3,,5,1.0000,
2010-34038,2015,FIRST,CMSC 131,C-3L,3,,2,1.0000,
2010-34038,2015,FIRST,CMSC 127,ST-4L,3,,3,1.0000,
2010-34038,2015,FIRST,CMSC 124,T-5L,3,,4,1.0000,
2010-34038,2015,FIRST,PSY 1(SSP),X1-2R,3,,5,1.0000,
2010-34038,2015,FIRST,ENG 2(AH),G-4R,3,,6,1.0000,
2011-97690,2015,FIRST,NSTP 1,AS2,0,,1,1.0000,
2011-97690,2015,FIRST,MGT 1,X-2L,3,,2,1.0000,
2011-97690,2015,FIRST,AGRI 195,CD-3L,3,,3,1.0000,
2011-97690,2015,FIRST,CHEM 32.0,U,3,,4,1.0000,
2011-97690,2015,FIRST,FST 101,S-2L,3,,5,1.0000,
2011-97690,2015,FIRST,FST 130,ST-3L,3,,6,1.0000,
2013-05183,2015,FIRST,NSTP 1,HE-EF2,0,,1,1.0000,
2013-05183,2015,FIRST,MATH 181,V,3,,7,1.0000,
2013-05183,2015,FIRST,CMSC 11,T-4L,3,,0,0.0000,
2013-05183,2015,FIRST,CMSC 22,WX-6L,3,,0,0.0000,
2013-05183,2015,FIRST,HUM 3(AH),W,3,,0,0.0000,
2013-25317,2015,FIRST,NSTP 1,EM2,0,,1,1.0000,
2013-25317,2015,FIRST,ENSC 11,V,3,,3,1.0000,
2013-25317,2015,FIRST,ENSC 21,T,3,,4,1.0000,
2013-25317,2015,FIRST,ENSC 26,Z-4L,3,,5,1.0000,
2013-25317,2015,FIRST,IE 31,F,3,,6,1.0000,
2014-72451,2015,FIRST,NSTP 1,FR-EF,0,,2,1.0000,
2014-72451,2015,FIRST,ENG 1(AH),W2-5R,3,,3,1.0000,
2014-72451,2015,FIRST,ENTR 1(SSP),ST-3R,3,,4,1.0000,
2014-72451,2015,FIRST,CHEM 15.0,G,3,,5,1.0000,
2014-72451,2015,FIRST,CHEM 15.1,29L,2,,6,1.0000,
2014-72451,2015,FIRST,MATH 14,S-2R,3,,7,1.0000,
2013-08044,2015,FIRST,CHEM 15.0,T,3,,1,1.0000,
2013-08044,2015,FIRST,PHYS 1,F-2L,3,,2,1.0000,
2013-08044,2015,FIRST,MATH 14,S-3R,3,,3,1.0000,
2013-08044,2015,FIRST,ECON 11,W-1R,3,,4,1.0000,
2013-08044,2015,FIRST,HUM 3(AH),W,3,,5,1.0000,
2013-34839,2015,FIRST,NSTP 1,EM2,0,,1,1.0000,
2013-34839,2015,FIRST,PHYS 3,E-2L,3,,3,1.0000,
2013-34839,2015,FIRST,CHEM 40.1,28L,1,,4,1.0000,
2013-34839,2015,FIRST,ANSC 1,AB-2L,3,,5,1.0000,
2013-34839,2015,FIRST,IT 1(MST),V-6L,3,,6,1.0000,
2013-34839,2015,FIRST,ENTR 1(SSP),B-3R,3,,7,1.0000,
2010-34533,2015,FIRST,CMSC 11,U-6L,3,,2,1.0000,
2010-34533,2015,FIRST,SOIL 1,C-6L,3,,3,1.0000,
2010-34533,2015,FIRST,ZOO 1,B-2L,3,,4,1.0000,
2010-34533,2015,FIRST,AEC 1,T-5R,3,,6,1.0000,
2010-34533,2015,FIRST,CRPT 1,T-1L,3,,7,1.0000,
2011-39743,2015,FIRST,CHEM 160,B,3,,1,1.0000,
2011-39743,2015,FIRST,EE 1,GH-3L,3,,2,1.0000,
2011-39743,2015,FIRST,PI 10(SSP),U-4R,3,,3,1.0000,
2011-39743,2015,FIRST,ENG 2(AH),Y-2R,3,,4,1.0000,
2011-39743,2015,FIRST,MCB 1,S-4L,3,,5,1.0000,
2011-59046,2015,FIRST,CMSC 137,CD-2L,3,,1,1.0000,
2011-59046,2015,FIRST,CMSC 150,EF-2L,3,,2,1.0000,
2011-59046,2015,FIRST,PSY 1(SSP),X1-2R,3,,3,1.0000,
2011-59046,2015,FIRST,ENG 2(AH),Y-6R,3,,4,1.0000,
2011-59046,2015,FIRST,HUM 1(AH),X,3,,5,1.0000,
2013-30104,2015,FIRST,NSTP 1,EM2,0,,1,1.0000,
2013-30104,2015,FIRST,PHYS 82,DV-6L,5,,3,1.0000,
2013-30104,2015,FIRST,MATH 38,T-4R,3,,4,1.0000,
2013-30104,2015,FIRST,ENSC 11,W,3,,5,1.0000,
2013-30104,2015,FIRST,PI 10(SSP),B-1R,3,,6,1.0000,
2012-56500,2015,FIRST,NSTP 1,FR-EF,0,,1,1.0000,
2012-56500,2015,FIRST,CHEM 32.0,T,3,,2,1.0000,
2012-56500,2015,FIRST,PHYS 13,U-2L,3,,3,1.0000,
2012-56500,2015,FIRST,CHEM 40.1,18L,1,,4,1.0000,
2012-56500,2015,FIRST,CHEM 40.0,C,3,,5,1.0000,
2012-56500,2015,FIRST,ENG 2(AH),F-5R,3,,6,1.0000,
2011-43612,2015,FIRST,AGRI 195,CD-5L,3,,1,1.0000,
2011-43612,2015,FIRST,HUM 2(AH),V-3R,3,,3,1.0000,
2011-43612,2015,FIRST,AGRI 111,B-4L,3,,4,1.0000,
2011-43612,2015,FIRST,HUM 1(AH),Z,3,,5,1.0000,
2011-43612,2015,FIRST,PSY 1(SSP),E-5R,3,,6,1.0000,
2013-17853,2015,FIRST,NSTP 1,FR-EF,0,,1,1.0000,
2013-17853,2015,FIRST,ENSC 11,Y,3,,3,1.0000,
2013-17853,2015,FIRST,STAT 1,AB-10L,3,,4,1.0000,
2013-17853,2015,FIRST,IE 31,D,3,,5,1.0000,
2013-17853,2015,FIRST,SPCM 1(AH),G-6R,3,,6,1.0000,
2014-98866,2015,FIRST,NSTP 1,EM1,0,,1,1.0000,
2014-98866,2015,FIRST,PE 1,AB1,0,,2,1.0000,
2014-98866,2015,FIRST,FRM 62,G-1L,4,,3,1.0000,
2014-98866,2015,FIRST,FBS 9,Y-1L,3,,4,1.0000,
2014-98866,2015,FIRST,FBS 21,A-5L,4,,5,1.0000,
2014-98866,2015,FIRST,SFI 10,B-2L,3,,7,1.0000,
2014-40703,2015,FIRST,NSTP 1,VM,0,,1,1.0000,
2014-40703,2015,FIRST,ENTR 1(SSP),B-2R,3,,2,1.0000,
2014-40703,2015,FIRST,MATH 14,S-3R,3,,3,1.0000,
2014-40703,2015,FIRST,ECON 11,U-6R,3,,4,1.0000,
2014-40703,2015,FIRST,SPCM 1(AH),G-2R,3,,5,1.0000,
2014-40703,2015,FIRST,CHEM 15.0,H,3,,6,1.0000,
2012-97925,2015,FIRST,NSTP 1,FR-EF,0,,1,1.0000,
2012-97925,2015,FIRST,STAT 1,AB-5L,3,,3,1.0000,
2012-97925,2015,FIRST,HIST 1(SSP),V1-6R,3,,4,1.0000,
2012-97925,2015,FIRST,MATH 14,B-5R,3,,5,1.0000,
2012-97925,2015,FIRST,MCB 1,S-1L,3,,6,1.0000,
2012-97925,2015,FIRST,HNF 123,A-2L,3,,7,1.0000,
2011-48664,2015,FIRST,CMSC 131,C-3L,3,,1,1.0000,
2011-48664,2015,FIRST,STAT 1,ST-6L,3,,2,1.0000,
2011-48664,2015,FIRST,NASC 3(MST),EF-3R,3,,3,1.0000,
2011-48664,2015,FIRST,CMSC 22,WX-3L,3,,4,1.0000,
2011-48664,2015,FIRST,MATH 28,T-4R,3,,5,1.0000,
2012-51167,2015,FIRST,BIO 3,E-2L,5,,1,1.0000,
2012-51167,2015,FIRST,NASC 1(MST),D-3R,3,,2,1.0000,
2012-51167,2015,FIRST,HIST 1(SSP),V2-5R,3,,3,1.0000,
2012-51167,2015,FIRST,IT 1(MST),G-2L,3,,4,1.0000,
2010-23357,2015,FIRST,NSTP 1,FR-EF,0,,1,1.0000,
2010-23357,2015,FIRST,ENSC 10b,8L,2,,2,1.0000,
2010-23357,2015,FIRST,CHEM 15.0,G,3,,3,1.0000,
2010-23357,2015,FIRST,ENG 2(AH),Y-5R,3,,4,1.0000,
2010-23357,2015,FIRST,ENSC 11,V,3,,5,1.0000,
2010-23357,2015,FIRST,SPCM 1(AH),U1-2R,3,,6,1.0000,
2010-43530,2015,FIRST,ENG 10,B-3R,3,,2,1.0000,
2010-43530,2015,FIRST,STAT 165,WX-3L,3,,3,1.0000,
2010-43530,2015,FIRST,HIST 1(SSP),V1-5R,3,,4,1.0000,
2010-43530,2015,FIRST,ECON 11,U-1R,3,,5,1.0000,
2010-43530,2015,FIRST,BIO 30,S-4L,3,,6,1.0000,
2009-24874,2015,FIRST,EE 41,U-2L,4,,2,1.0000,
2009-24874,2015,FIRST,EE 170,D,3,,3,1.0000,
2009-24874,2015,FIRST,EE 120,A-2L,4,,5,1.0000,
2011-28901,2015,FIRST,ENSC 12,V,3,,2,1.0000,
2011-28901,2015,FIRST,ENSC 13,X,3,,3,1.0000,
2011-28901,2015,FIRST,IE 150,U,3,,5,1.0000,
2011-28901,2015,FIRST,ENG 10,C-3R,3,,6,1.0000,
2012-17693,2015,FIRST,HUM 1(AH),E,3,,1,1.0000,
2012-17693,2015,FIRST,DEVC 101,Z,3,,2,1.0000,
2012-17693,2015,FIRST,DEVC 144,ST-3L,3,,3,1.0000,
2012-17693,2015,FIRST,DEVC 153,Y,3,,4,1.0000,
2012-17693,2015,FIRST,ECON 11,E-7R,3,,5,1.0000,
2012-07023,2015,FIRST,ENSC 11,W,3,,1,1.0000,
2012-07023,2015,FIRST,ENSC 14a,ZH,5,,2,1.0000,
2012-07023,2015,FIRST,ENSC 26,C-2L,3,,3,1.0000,
2012-07023,2015,FIRST,IE 150,U,3,,4,1.0000,
2011-48829,2015,FIRST,ENSC 12,C,3,,1,1.0000,
2011-48829,2015,FIRST,ENSC 14a,YG,5,,2,1.0000,
2011-48829,2015,FIRST,IE 143,E,3,,4,1.0000,
2011-48829,2015,FIRST,ENSC 26,Z-1L,3,,5,1.0000,
2008-49226,2015,FIRST,EE 141,V-1L,3,,1,1.0000,
2012-65338,2015,FIRST,PE 1,YZ2,0,,1,1.0000,
2012-65338,2015,FIRST,STAT 162,G-1L,3,,2,1.0000,
2012-65338,2015,FIRST,HUM 3(AH),F,3,,3,1.0000,
2012-65338,2015,FIRST,SOSC 3(SSP),D-5R,3,,4,1.0000,
2012-65338,2015,FIRST,HIST 1(SSP),V1-6R,3,,5,1.0000,
2012-65338,2015,FIRST,CHEM 160,V,3,,6,1.0000,
2011-63008,2015,FIRST,ECON 199a,Y2a,1,,1,1.0000,
2011-63008,2015,FIRST,ECON 130,E,3,,3,1.0000,
2010-29040,2015,FIRST,CMSC 150,EF-2L,3,,2,1.0000,
2010-29040,2015,FIRST,STAT 1,S-8L,3,,3,1.0000,
2010-29040,2015,FIRST,MATH 28,T-3R,3,,4,1.0000,
2010-29040,2015,FIRST,HUM 3(AH),W,3,,5,1.0000,
2010-29040,2015,FIRST,PHLO 1(SSP),W1-1R,3,,6,1.0000,
2009-61334,2015,FIRST,NSTP 1,FR-BD,0,,1,1.0000,
2009-61334,2015,FIRST,CHEM 40.0,X,3,,3,1.0000,
2009-61334,2015,FIRST,ECON 10(SSP),T,3,,4,1.0000,
2009-61334,2015,FIRST,ENSC 11,W,3,,5,1.0000,
2009-61334,2015,FIRST,ENSC 10a,5L,2,,6,1.0000,
2009-61334,2015,FIRST,PSY 1(SSP),B-3R,3,,7,1.0000,
2010-28990,2015,FIRST,CMSC 131,C-3L,3,,1,1.0000,
2010-28990,2015,FIRST,CMSC 124,B-2L,3,,2,1.0000,
2010-28990,2015,FIRST,CMSC 150,EF-2L,3,,3,1.0000,
2010-28990,2015,FIRST,MATH 27,W-2R,3,,4,1.0000,
2010-28990,2015,FIRST,SOSC 3(SSP),F-2R,3,,5,1.0000,
2012-29192,2015,FIRST,NSTP 1,FR-BD,0,,1,1.0000,
2012-29192,2015,FIRST,CMSC 131,C-3L,3,,2,1.0000,
2012-29192,2015,FIRST,CMSC 127,ST-4L,3,,3,1.0000,
2012-29192,2015,FIRST,CMSC 124,B-3L,3,,4,1.0000,
2012-29192,2015,FIRST,SPCM 1(AH),U1-5R,3,,5,1.0000,
2012-29192,2015,FIRST,ENG 2(AH),G-4R,3,,6,1.0000,
2014-71206,2015,FIRST,PE 1,EF1,0,,1,1.0000,
2014-71206,2015,FIRST,NSTP 1,FR-BD,0,,2,1.0000,
2014-71206,2015,FIRST,MATH 17,A-1R,5,,3,1.0000,
2014-71206,2015,FIRST,ENG 1(AH),T-5R,3,,4,1.0000,
2014-71206,2015,FIRST,MATH 2(MST),H,3,,5,1.0000,
2014-71206,2015,FIRST,HUME 10(SSP),G-2R,3,,6,1.0000,
2011-48694,2015,FIRST,ENSC 21,C,3,,2,1.0000,
2011-48694,2015,FIRST,PHYS 82,DV-4L,5,,3,1.0000,
2011-48694,2015,FIRST,ENSC 11,Y,3,,4,1.0000,
2011-48694,2015,FIRST,PI 10(SSP),B-2R,3,,5,1.0000,
2013-60673,2015,FIRST,NSTP 1,FR-BD,0,,1,1.0000,
2013-60673,2015,FIRST,ENG 1(AH),X1-6R,3,,3,1.0000,
2013-60673,2015,FIRST,BIO 30,A-6L,3,,4,1.0000,
2013-60673,2015,FIRST,PSY 1(SSP),C-5R,3,,5,1.0000,
2013-60673,2015,FIRST,BIO 150,W-3L,3,,6,1.0000,
2013-60673,2015,FIRST,ZOO 3,ST-3L,3,,7,1.0000,
2011-22842,2015,FIRST,NSTP 1,EN2,0,,1,1.0000,
2011-22842,2015,FIRST,STAT 1,V-7L,3,,2,1.0000,
2011-22842,2015,FIRST,ECON 101,T-5R,3,,3,1.0000,
2011-22842,2015,FIRST,CHEM 15.1,28L,2,,4,1.0000,
2011-22842,2015,FIRST,CHEM 15.0,H,3,,5,1.0000,
2011-22842,2015,FIRST,MATH 14,S-2R,3,,6,1.0000,
2014-98870,2015,FIRST,NSTP 1,AS1,0,,1,1.0000,
2014-98870,2015,FIRST,SFI 10,T-1L,3,,2,1.0000,
2014-98870,2015,FIRST,SFI 31,G-2L,4,,3,1.0000,
2014-98870,2015,FIRST,FPPS 11,ST1-2L,3,,4,1.0000,
2014-98870,2015,FIRST,FBS 9,Y-3L,3,,5,1.0000,
2012-05045,2015,FIRST,ENSC 14a,ZH-1C,5,,1,1.0000,
2012-05045,2015,FIRST,EE 12,V-1L,4,,2,1.0000,
2012-05045,2015,FIRST,EE 18,Y,3,,3,1.0000,
2012-05045,2015,FIRST,ENSC 26,C-4L,3,,4,1.0000,
2009-14523,2015,FIRST,AECO 111,U-2L,3,,2,1.0000,
2009-14523,2015,FIRST,ANSC 2,B-8L,3,,3,1.0000,
2009-14523,2015,FIRST,SOIL 1,C-2L,3,,4,1.0000,
2009-14523,2015,FIRST,BIO 30,S-3L,3,,5,1.0000,
2009-14523,2015,FIRST,CRPT 2,G-6L,3,,6,1.0000,
2012-67188,2015,FIRST,PE 1,ST2,0,,1,1.0000,
2012-67188,2015,FIRST,NSTP 1,HE-EF2,0,,2,1.0000,
2012-67188,2015,FIRST,SOSC 3(SSP),V-5R,3,,3,1.0000,
2012-67188,2015,FIRST,CHEM 15.0,X,3,,4,1.0000,
2012-67188,2015,FIRST,CHEM 15.1,24L,2,,5,1.0000,
2012-67188,2015,FIRST,MATH 14,S-3R,3,,6,1.0000,
2012-67188,2015,FIRST,CRSC 1,Y-3L,3,,7,1.0000,
2013-34276,2015,FIRST,NSTP 1,AS1,0,,2,1.0000,
2013-34276,2015,FIRST,ECON 11,U-2R,3,,3,1.0000,
2013-34276,2015,FIRST,SOSC 3(SSP),F-2R,3,,4,1.0000,
2013-34276,2015,FIRST,CHEM 15.0,T,3,,5,1.0000,
2013-34276,2015,FIRST,MATH 14,S-1R,3,,6,1.0000,
2009-07378,2015,FIRST,EE 126,E-2L,3,,1,1.0000,
2009-07378,2015,FIRST,EE 171,C,3,,2,1.0000,
2009-07378,2015,FIRST,EE 141,V-1L,3,,4,1.0000,
2010-97084,2015,FIRST,NSTP 1,DC-GH,0,,1,1.0000,
2010-97084,2015,FIRST,ENG 2(AH),G-5R,3,,2,1.0000,
2010-97084,2015,FIRST,SPCM 1(AH),B-5R,3,,3,1.0000,
2010-97084,2015,FIRST,IT 1(MST),V-1L,3,,4,1.0000,
2013-06254,2015,FIRST,NSTP 1,EM2,0,,1,1.0000,
2013-06254,2015,FIRST,PI 10(SSP),U-1R,3,,2,1.0000,
2013-06254,2015,FIRST,HUME 10(SSP),S-3R,3,,3,1.0000,
2013-06254,2015,FIRST,CHEM 43.0,T,3,,4,1.0000,
2013-06254,2015,FIRST,SPCM 1(AH),Y-5R,3,,5,1.0000,
2013-06254,2015,FIRST,MATH 28,T-3R,3,,6,1.0000,
2008-37443,2015,FIRST,ABE 12,D-1C,3,,2,1.0000,
2008-37443,2015,FIRST,SOSC 3(SSP),D-5R,3,,3,1.0000,
2008-37443,2015,FIRST,PI 10(SSP),Z1-6R,3,,4,1.0000,
2008-37443,2015,FIRST,ABE 199,Y,1,,5,1.0000,
2013-70028,2015,FIRST,NSTP 1,DC-GH,0,,2,1.0000,
2013-70028,2015,FIRST,ANSC 1,AB-3L,3,,3,1.0000,
2013-70028,2015,FIRST,NASC 2(MST),G,3,,4,1.0000,
2013-70028,2015,FIRST,MATH 14,B-4R,3,,6,1.0000,
2013-70028,2015,FIRST,ENG 2(AH),F-5R,3,,7,1.0000,
2013-70028,2015,FIRST,PI 10(SSP),G1-3R,3,,8,1.0000,
2010-49031,2015,FIRST,CHEM 16.0,B,3,,2,1.0000,
2010-49031,2015,FIRST,CHEM 16.1,16L,2,,3,1.0000,
2010-49031,2015,FIRST,BIO 3,E-2L,5,,4,1.0000,
2010-49031,2015,FIRST,CHEM 40.0,U,3,,5,1.0000,
2010-49031,2015,FIRST,CHEM 40.1,6L,1,,6,1.0000,
2011-53622,2015,FIRST,NSTP 1,AS4,0,,1,1.0000,
2011-53622,2015,FIRST,ENG 2(AH),F-6R,3,,2,1.0000,
2011-53622,2015,FIRST,PHYS 82,DV-6L,5,,3,1.0000,
2011-53622,2015,FIRST,HUM 2(AH),X2-3R,3,,5,1.0000,
2011-53622,2015,FIRST,PSY 1(SSP),U-2R,3,,6,1.0000,
2011-21067,2015,FIRST,FST 130,ST-3L,3,,2,1.0000,
2011-21067,2015,FIRST,MCB 180,T-3L,3,,3,1.0000,
2011-21067,2015,FIRST,CHEM 160,B,3,,4,1.0000,
2011-21067,2015,FIRST,ENG 2(AH),F-5R,3,,5,1.0000,
2011-21067,2015,FIRST,CHEM 32.0,T,3,,6,1.0000,
2011-24341,2015,FIRST,MCB 1,U-6L,3,,3,1.0000,
2011-24341,2015,FIRST,MGT 1,X-2L,3,,4,1.0000,
2011-24341,2015,FIRST,CMSC 22,WX-5L,3,,5,1.0000,
2011-24341,2015,FIRST,HUM 3(AH),F,3,,6,1.0000,
2012-63801,2015,FIRST,NSTP 1,FR-EF,0,,1,1.0000,
2012-63801,2015,FIRST,ENSC 12,X,3,,3,1.0000,
2012-63801,2015,FIRST,PHYS 83,BT-3L,5,,4,1.0000,
2012-63801,2015,FIRST,ENSC 10b,5L,2,,5,1.0000,
2012-63801,2015,FIRST,EE 12,S-2L,4,,6,1.0000,
2012-59088,2015,FIRST,NSTP 1,EN1,0,,1,1.0000,
2012-59088,2015,FIRST,STAT 1,D-7L,3,,3,1.0000,
2012-59088,2015,FIRST,ECON 101,T-2R,3,,4,1.0000,
2012-59088,2015,FIRST,ANSC 1,S-8L,3,,5,1.0000,
2012-59088,2015,FIRST,BOT 1,V-9L,3,,6,1.0000,
2012-59088,2015,FIRST,CHEM 15.1,26L,2,,7,1.0000,
2011-02992,2015,FIRST,DEVC 153,Y,3,,1,1.0000,
2011-02992,2015,FIRST,PI 10(SSP),G2-1R,3,,2,1.0000,
2011-02992,2015,FIRST,ENG 2(AH),F-2R,3,,3,1.0000,
2011-02992,2015,FIRST,STAT 1,S-1L,3,,5,1.0000,
2011-02992,2015,FIRST,NASC 7(MST),X,3,,0,0.0000,
2011-48629,2015,FIRST,AECO 103,UV-1L,3,,1,1.0000,
2011-48629,2015,FIRST,SPCM 1(AH),B-6R,3,,2,1.0000,
2011-48629,2015,FIRST,AECO 141,U-1L,3,,3,1.0000,
2011-48629,2015,FIRST,ENG 2(AH),Y-4R,3,,4,1.0000,
2011-48629,2015,FIRST,PHYS 3,C-2L,3,,5,1.0000,
2009-12061,2015,FIRST,VETA 101,GH-2L,5,,2,1.0000,
2009-12061,2015,FIRST,VETA 103,B-2L,3,,3,1.0000,
2009-12061,2015,FIRST,STAT 162,G-5L,3,,4,1.0000,
2009-12061,2015,FIRST,CHEM 160,X,3,,5,1.0000,
2012-37810,2015,FIRST,CMSC 131,AB-4L,3,,1,1.0000,
2012-37810,2015,FIRST,CMSC 127,ST-3L,3,,2,1.0000,
2012-37810,2015,FIRST,CMSC 124,B-2L,3,,3,1.0000,
2012-37810,2015,FIRST,STAT 1,Z-6L,3,,4,1.0000,
2012-37810,2015,FIRST,CMSC 22,WX-4L,3,,5,1.0000,
2011-20708,2015,FIRST,VPTH 121,CD-2L,4,,1,1.0000,
2011-20708,2015,FIRST,VMCB 121,E-2L,4,,2,1.0000,
2011-20708,2015,FIRST,VPHM 141,F-3L,4,,3,1.0000,
2011-20708,2015,FIRST,CHEM 160,B,3,,4,1.0000,
2012-97934,2015,FIRST,PE 1,AB2,0,,1,1.0000,
2012-97934,2015,FIRST,NSTP 1,FR-BD,0,,2,1.0000,
2012-97934,2015,FIRST,SPCM 1(AH),G-6R,3,,4,1.0000,
2012-97934,2015,FIRST,NASC 3(MST),UV-5R,3,,5,1.0000,
2012-97934,2015,FIRST,ECON 11,C-3R,3,,7,1.0000,
2012-97934,2015,FIRST,HIST 2(SSP),T-6R,3,,8,1.0000,
2012-48268,2015,FIRST,PE 1,EF2,0,,1,1.0000,
2012-48268,2015,FIRST,NSTP 1,EN2,0,,2,1.0000,
2012-48268,2015,FIRST,CMSC 21,UV-1L,3,,3,1.0000,
2012-48268,2015,FIRST,ENG 2(AH),G-3R,3,,4,1.0000,
2012-48268,2015,FIRST,CMSC 22,WX-7L,3,,5,1.0000,
2012-48268,2015,FIRST,SOSC 3(SSP),F-2R,3,,6,1.0000,
2012-48268,2015,FIRST,SPCM 1(AH),G-5R,3,,7,1.0000,
2012-26607,2015,FIRST,BOT 1,V-2L,3,,1,1.0000,
2012-26607,2015,FIRST,ZOO 1,T-3L,3,,2,1.0000,
2012-26607,2015,FIRST,ENG 1(AH),E-2R,3,,3,1.0000,
2012-26607,2015,FIRST,CHEM 15.0,S,3,,4,1.0000,
2012-26607,2015,FIRST,CHEM 15.1,24L+,2,,5,1.0000,
2012-63544,2015,FIRST,CE 121,AB2-1C,3,,1,1.0000,
2012-63544,2015,FIRST,ENSC 14,Y,3,,2,1.0000,
2012-63544,2015,FIRST,ENSC 13,T,3,,3,1.0000,
2012-63544,2015,FIRST,EE 1,GH-6L,3,,4,1.0000,
2012-63544,2015,FIRST,PSY 1(SSP),C-2R,3,,5,1.0000,
2012-15035,2015,FIRST,ABT 105,B2-1L,3,,2,1.0000,
2012-15035,2015,FIRST,SOIL 1,U-2L,3,,3,1.0000,
2012-15035,2015,FIRST,AEC 1,T-2R,3,,4,1.0000,
2012-15035,2015,FIRST,PHYS 3,C-6L,3,,5,1.0000,
2012-15035,2015,FIRST,ENTR 1(SSP),B-4R,3,,6,1.0000,
2013-06969,2015,FIRST,NSTP 1,EM2,0,,1,1.0000,
2013-06969,2015,FIRST,PHYS 81,ABST-2L,5,,2,1.0000,
2013-06969,2015,FIRST,SPCM 1(AH),W-5R,3,,3,1.0000,
2013-06969,2015,FIRST,CHEM 44.0,Z,3,,4,1.0000,
2013-06969,2015,FIRST,CHEM 44.1,2L,2,,5,1.0000,
2012-47161,2015,FIRST,ENTR 1(SSP),B-2R,3,,1,1.0000,
2012-47161,2015,FIRST,CHEM 15.0,T,3,,2,1.0000,
2012-47161,2015,FIRST,CHEM 15.1,27L+,2,,3,1.0000,
2012-47161,2015,FIRST,MATH 14,S-2R,3,,4,1.0000,
2012-47161,2015,FIRST,IT 1(MST),G-4L,3,,5,1.0000,
2014-98880,2015,FIRST,PE 1,GH,0,,1,1.0000,
2014-98880,2015,FIRST,NSTP 1,EM1,0,,2,1.0000,
2014-98880,2015,FIRST,SFI 10,T-2L,3,,3,1.0000,
2014-98880,2015,FIRST,SFI 31,G-2L,4,,4,1.0000,
2014-98880,2015,FIRST,FPPS 11,ST1-1L,3,,5,1.0000,
2014-98880,2015,FIRST,FBS 9,Y-2L,3,,6,1.0000,
2013-66774,2015,FIRST,PE 1,ST2,0,,1,1.0000,
2013-66774,2015,FIRST,NSTP 1,EM2,0,,2,1.0000,
2013-66774,2015,FIRST,ENSC 10a,3L,2,,3,1.0000,
2013-66774,2015,FIRST,ENG 2(AH),U-5R,3,,4,1.0000,
2013-66774,2015,FIRST,ENSC 11,Y,3,,5,1.0000,
2013-66774,2015,FIRST,PHYS 82,DV-6L,5,,6,1.0000,
2012-29108,2015,FIRST,CHEM 44.0,Z,3,,1,1.0000,
2012-29108,2015,FIRST,CHEM 44.1,2L,2,,2,1.0000,
2012-29108,2015,FIRST,MCB 1,C-8L,3,,3,1.0000,
2012-29108,2015,FIRST,ANSC 2,T-5L,3,,4,1.0000,
2012-29108,2015,FIRST,HUM 1(AH),E,3,,5,1.0000,
2012-38627,2015,FIRST,MATH 37,X-2R,5,,2,1.0000,
2012-38627,2015,FIRST,CMSC 21,ST-5L,3,,3,1.0000,
2012-38627,2015,FIRST,ENG 2(AH),Y-2R,3,,4,1.0000,
2012-38627,2015,FIRST,HIST 1(SSP),D-5R,3,,5,1.0000,
2012-18797,2015,FIRST,CHEM 160,W,3,,2,1.0000,
2012-18797,2015,FIRST,VMCB 121,E-4L,4,,3,1.0000,
2012-18797,2015,FIRST,VPAR 131,Y-3L+,4,,4,1.0000,
2009-07384,2015,FIRST,ENSC 21,T,3,,2,1.0000,
2009-07384,2015,FIRST,ENSC 14,G,3,,3,1.0000,
2009-07384,2015,FIRST,STAT 1,H-4L,3,,4,1.0000,
2009-07384,2015,FIRST,ENSC 10b,4L,2,,5,1.0000,
2009-07384,2015,FIRST,ENSC 11,Y,3,,6,1.0000,
2010-57112,2015,FIRST,MATH 14,S-2R,3,,1,1.0000,
2010-57112,2015,FIRST,ENG 10,C-5R,3,,3,1.0000,
2013-09073,2015,FIRST,STAT 1,S-6L,3,,1,1.0000,
2013-09073,2015,FIRST,CHEM 16.1,2L,2,,2,1.0000,
2013-09073,2015,FIRST,MATH 14,S-4R,3,,3,1.0000,
2013-09073,2015,FIRST,ENG 2(AH),Y-4R,3,,4,1.0000,
2013-09073,2015,FIRST,ZOO 3,ST-2L,3,,5,1.0000,
2012-38640,2015,FIRST,PE 1,EF2,0,,1,1.0000,
2012-38640,2015,FIRST,CMSC 21,ST-5L,3,,2,1.0000,
2009-60875,2015,FIRST,EE 21,D-3L,4,,1,1.0000,
2009-60875,2015,FIRST,EE 41,U-2L,4,,2,1.0000,
2009-60875,2015,FIRST,ENG 10,C-2R,3,,3,1.0000,
2009-60875,2015,FIRST,ENSC 13,G,3,,4,1.0000,
2008-60086,2015,FIRST,NSTP 1,HE-EF1,0,,1,1.0000,
2008-60086,2015,FIRST,ENG 106,U,3,,3,1.0000,
2008-60086,2015,FIRST,CMSC 2,E-3L,3,,4,1.0000,
2008-60086,2015,FIRST,COMA 105,T,3,,5,1.0000,
2008-60086,2015,FIRST,THEA 107,Y,3,,6,1.0000,
2008-60086,2015,FIRST,IT 1(MST),G-4L,3,,7,1.0000,
2014-04115,2015,FIRST,ENG 1(AH),V-2R,3,,2,1.0000,
2014-04115,2015,FIRST,HUM 3(AH),F,3,,3,1.0000,
2014-04115,2015,FIRST,PSY 1(SSP),E-4R,3,,4,1.0000,
2014-04115,2015,FIRST,CHEM 15.0,G,3,,5,1.0000,
2014-04115,2015,FIRST,CHEM 15.1,20L,2,,6,1.0000,
2012-37271,2015,FIRST,ENSC 12,V,3,,1,1.0000,
2012-37271,2015,FIRST,ChE 32,U-2L,3,,2,1.0000,
2012-37271,2015,FIRST,EE 1,GH-3L,3,,3,1.0000,
2012-37271,2015,FIRST,STAT 1,AB-1L,3,,5,1.0000,
2012-37271,2015,FIRST,ENSC 13,T,3,,6,1.0000,
2012-18948,2015,FIRST,NSTP 1,FR-BD,0,,1,1.0000,
2012-18948,2015,FIRST,HIST 1(SSP),V2-3R,3,,3,1.0000,
2012-18948,2015,FIRST,MATH 26,W-1R,3,,4,1.0000,
2012-18948,2015,FIRST,SOIL 1,C-3L,3,,5,1.0000,
2012-18948,2015,FIRST,PSY 1(SSP),X1-1R,3,,7,1.0000,
2012-18948,2015,FIRST,NASC 5(MST),W-4R,3,,8,1.0000,
2009-32497,2015,FIRST,EE 141,V-2L,3,,1,1.0000,
2009-32497,2015,FIRST,EE 181,YZ-2L,3,,4,1.0000,
2009-32497,2015,FIRST,ENSC 13,G,3,,5,1.0000,
2010-62608,2015,FIRST,PE 1,GH,0,,1,1.0000,
2010-62608,2015,FIRST,POSC 1(SSP),W-6R,3,,2,1.0000,
2010-62608,2015,FIRST,ENG 1(AH),E-5R,3,,3,1.0000,
2010-62608,2015,FIRST,PSY 1(SSP),C-2R,3,,4,1.0000,
2010-62608,2015,FIRST,STS 1,Y2,3,,5,1.0000,
2010-62608,2015,FIRST,MATH 38,T-3R,3,,6,1.0000,
2006-95697,2015,FIRST,NSTP 1,AS3,0,,1,1.0000,
2006-95697,2015,FIRST,CHEM 40.0,B,3,,2,1.0000,
2013-55297,2015,FIRST,NSTP 1,AS3,0,,1,1.0000,
2013-55297,2015,FIRST,MATH 26,W-2R,3,,2,1.0000,
2013-55297,2015,FIRST,PHYS 3,C-4L,3,,3,1.0000,
2013-55297,2015,FIRST,ENG 2(AH),U-2R,3,,4,1.0000,
2013-55297,2015,FIRST,BIO 30,A-1L,3,,5,1.0000,
2013-55297,2015,FIRST,PSY 1(SSP),X1-1R,3,,6,1.0000,
2011-11655,2015,FIRST,ChE 32,T-2L,3,,1,1.0000,
2011-11655,2015,FIRST,CHEM 160,X,3,,2,1.0000,
2011-11655,2015,FIRST,PI 10(SSP),Z1-5R,3,,3,1.0000,
2011-11655,2015,FIRST,STAT 1,Z-5L,3,,5,1.0000,
2011-11655,2015,FIRST,ENSC 10b,2L,2,,6,1.0000,
2012-59450,2015,FIRST,VETA 103,B-2L,3,,1,1.0000,
2012-59450,2015,FIRST,VETA 101,GH-2L,5,,2,1.0000,
2012-59450,2015,FIRST,SOSC 3(SSP),Y-3R,3,,4,1.0000,
2012-59450,2015,FIRST,STAT 162,G-5L,3,,5,1.0000,
2011-29265,2015,FIRST,CE 132,C-2C,3,,1,1.0000,
2011-29265,2015,FIRST,CE 121,AB1-2C,3,,2,1.0000,
2011-29265,2015,FIRST,CE 133,AB-1C,3,,3,1.0000,
2011-29265,2015,FIRST,CE 151,V,3,,4,1.0000,
2011-29265,2015,FIRST,ENSC 14,Y,3,,5,1.0000,
2011-61370,2015,FIRST,PE 1,EF2,0,,1,1.0000,
2011-61370,2015,FIRST,CMSC 131,AB-4L,3,,2,1.0000,
2011-61370,2015,FIRST,CMSC 100,EF-2L,3,,3,1.0000,
2011-61370,2015,FIRST,CMSC 57,T-3L,3,,4,1.0000,
2011-61370,2015,FIRST,MATH 27,A-3R,3,,5,1.0000,
2011-61370,2015,FIRST,CMSC 150,EF-2L,3,,6,1.0000,
2007-16429,2015,FIRST,CHEM 111.1,7L,2,,2,1.0000,
2007-16429,2015,FIRST,ENSC 13,G,3,,3,1.0000,
2007-16429,2015,FIRST,ChE 143,T,3,,4,1.0000,
2014-98886,2015,FIRST,NSTP 1,DC-GH,0,,1,1.0000,
2014-98886,2015,FIRST,FRM 62,G-1L,4,,2,1.0000,
2014-98886,2015,FIRST,FBS 9,Y-1L,3,,3,1.0000,
2014-98886,2015,FIRST,FBS 21,A-5L,4,,4,1.0000,
2014-98886,2015,FIRST,SFI 10,B-2L,3,,6,1.0000,
2011-45451,2015,FIRST,HIST 1(SSP),V1-6R,3,,1,1.0000,
2011-45451,2015,FIRST,STAT 162,G-8L,3,,2,1.0000,
2011-45451,2015,FIRST,CHEM 160.1,3L,2,,3,1.0000,
2011-45451,2015,FIRST,VPTH 121,CD-2L,4,,4,1.0000,
2010-30532,2015,FIRST,ABE 180,Y,3,,2,1.0000,
2010-30532,2015,FIRST,CE 121,AB2-2C,3,,3,1.0000,
2010-30532,2015,FIRST,CE 133,AB-2C,3,,4,1.0000,
2010-30532,2015,FIRST,CE 151,V,3,,5,1.0000,
2010-30532,2015,FIRST,EE 1,GH-4L,3,,6,1.0000,
2014-98889,2015,FIRST,NSTP 1,EN2,0,,1,1.0000,
2014-98889,2015,FIRST,FBS 21,A-4L,4,,2,1.0000,
2014-98889,2015,FIRST,SFI 10,T-2L,3,,4,1.0000,
2014-98889,2015,FIRST,SFI 31,G-2L,4,,5,1.0000,
2014-98889,2015,FIRST,FPPS 11,ST1-1L,3,,6,1.0000,
2010-31093,2015,FIRST,HIST 2(SSP),T-4R,3,,1,1.0000,
2010-31093,2015,FIRST,HUM 1(AH),Z,3,,2,1.0000,
2010-31093,2015,FIRST,ENG 10,C-5R,3,,4,1.0000,
2010-31093,2015,FIRST,NASC 3(MST),UV-2R,3,,6,1.0000,
2014-70954,2015,FIRST,NSTP 1,VM,0,,2,1.0000,
2014-70954,2015,FIRST,CHEM 16.1,11L,2,,3,1.0000,
2014-70954,2015,FIRST,FST 11,T,3,,4,1.0000,
2014-70954,2015,FIRST,ENG 2(AH),Y-3R,3,,5,1.0000,
2014-70954,2015,FIRST,PI 10(SSP),Z1-2R,3,,6,1.0000,
2014-70954,2015,FIRST,NASC 6(MST),C,3,,7,1.0000,
2014-57280,2015,FIRST,PE 1,EF1,0,,1,1.0000,
2014-57280,2015,FIRST,NSTP 1,VM,0,,2,1.0000,
2014-57280,2015,FIRST,BOT 1,B-1L,3,,3,1.0000,
2014-57280,2015,FIRST,ENG 1(AH),U-6R,3,,4,1.0000,
2014-57280,2015,FIRST,ECON 11,E-7R,3,,5,1.0000,
2014-57280,2015,FIRST,HUM 3(AH),W,3,,6,1.0000,
2014-57280,2015,FIRST,HUM 1(AH),X,3,,7,1.0000,
2012-44885,2015,FIRST,NSTP 1,AS1,0,,1,1.0000,
2012-44885,2015,FIRST,ENSC 11,E,3,,2,1.0000,
2012-44885,2015,FIRST,CHEM 15.0,X,3,,3,1.0000,
2012-44885,2015,FIRST,PHYS 82,DV-4L,5,,4,1.0000,
2012-44885,2015,FIRST,MATH 38,T-3R,3,,5,1.0000,
2013-61785,2015,FIRST,SPCM 1(AH),Y-3R,3,,1,1.0000,
2013-61785,2015,FIRST,MATH 26,EF-3R,3,,2,1.0000,
2013-61785,2015,FIRST,ENG 2(AH),Y-1R,3,,3,1.0000,
2013-61785,2015,FIRST,MCB 1,U-9L,3,,4,1.0000,
2013-61785,2015,FIRST,SOSC 3(SSP),D-2R,3,,5,1.0000,
2012-06357,2015,FIRST,ENSC 14a,ZH,5,,2,1.0000,
2012-06357,2015,FIRST,ENSC 10b,7L,2,,3,1.0000,
2012-06357,2015,FIRST,IE 150,U,3,,4,1.0000,
2012-06357,2015,FIRST,ENSC 12,F,3,,6,1.0000,
2008-58120,2015,FIRST,VPHY 143,A-3L,4,,1,1.0000,
2008-58120,2015,FIRST,VETC 171,1L+,2,,2,1.0000,
2008-58120,2015,FIRST,VSUR 152,ST-4L,4,,3,1.0000,
2008-58120,2015,FIRST,CHEM 160.1,3L,2,,5,1.0000,
2008-58120,2015,FIRST,PI 10(SSP),U-1R,3,,6,1.0000,
2009-31858,2015,FIRST,CHEM 44.0,Z,3,,1,1.0000,
2009-31858,2015,FIRST,CHEM 44.1,2L,2,,2,1.0000,
2009-31858,2015,FIRST,CHEM 111.1,4L,2,,3,1.0000,
2009-31858,2015,FIRST,CHEM 112,Z,3,,4,1.0000,
2006-14291,2015,FIRST,APHY 101,AB-3L,3,,1,1.0000,
2006-14291,2015,FIRST,PHYS 23,F-2L,3,,2,1.0000,
2006-14291,2015,FIRST,CHEM 40.0,E,3,,3,1.0000,
2006-14291,2015,FIRST,CHEM 40.1,30L,1,,4,1.0000,
2006-14291,2015,FIRST,MATH 28,T-2R,3,,5,1.0000,
2008-18863,2015,FIRST,EE 141,V-2L,3,,1,1.0000,
2008-18863,2015,FIRST,EE 181,YZ-2L,3,,2,1.0000,
2011-46488,2015,FIRST,EE 170,D,3,,1,1.0000,
2011-46488,2015,FIRST,EE 12,W-2L,4,,2,1.0000,
2011-46488,2015,FIRST,EE 18,Y,3,,3,1.0000,
2011-46488,2015,FIRST,ENSC 26,C-4L,3,,4,1.0000,
2012-53202,2015,FIRST,PE 1,EF1,0,,1,1.0000,
2012-53202,2015,FIRST,PSY 1(SSP),U-6R,3,,2,1.0000,
2012-53202,2015,FIRST,STAT 1,A-3L,3,,3,1.0000,
2012-53202,2015,FIRST,ENG 2(AH),G-2R,3,,4,1.0000,
2012-53202,2015,FIRST,SPCM 1(AH),W-1R,3,,5,1.0000,
2012-53202,2015,FIRST,HUM 3(AH),F,3,,6,1.0000,
2012-07375,2015,FIRST,ENSC 12,U,3,,2,1.0000,
2012-07375,2015,FIRST,ENSC 14a,YG-2C,5,,3,1.0000,
2012-07375,2015,FIRST,PHYS 83,BT-4L,5,,4,1.0000,
2011-48441,2015,FIRST,ENG 2(AH),G-2R,3,,2,1.0000,
2011-48441,2015,FIRST,ECON 11,E-5R,3,,3,1.0000,
2011-48441,2015,FIRST,DEVC 20,EF-2R,3,,4,1.0000,
2011-48441,2015,FIRST,NASC 10(MST),U,3,,5,1.0000,
2011-48441,2015,FIRST,POSC 1(SSP),T-1R,3,,6,1.0000,
2009-15414,2015,FIRST,PE 1,YZ1,0,,1,1.0000,
2009-15414,2015,FIRST,CHEM 15.0,T,3,,2,1.0000,
2009-15414,2015,FIRST,ENG 2(AH),U-4R,3,,3,1.0000,
2009-15414,2015,FIRST,MATH 14,YZ-1R,3,,4,1.0000,
2009-15414,2015,FIRST,PHYS 1,F-2L,3,,5,1.0000,
2009-15414,2015,FIRST,BIO 150,W-2L,3,,6,1.0000,
2014-98893,2015,FIRST,NSTP 1,EN1,0,,1,1.0000,
2014-98893,2015,FIRST,FRM 62,G-1L,4,,2,1.0000,
2014-98893,2015,FIRST,FBS 9,Y-1L,3,,3,1.0000,
2014-98893,2015,FIRST,FBS 21,A-4L,4,,4,1.0000,
2014-98893,2015,FIRST,SFI 10,T-2L,3,,6,1.0000,
2010-45409,2015,FIRST,ENSC 21,Y,3,,1,1.0000,
2010-45409,2015,FIRST,ENSC 12,X,3,,2,1.0000,
2010-45409,2015,FIRST,CHEM 112,Z,3,,3,1.0000,
2010-45409,2015,FIRST,CHEM 160,S,3,,4,1.0000,
2010-45409,2015,FIRST,CHEM 111.1,8L,2,,5,1.0000,
2011-04974,2015,FIRST,AECO 111,U-2L,3,,1,1.0000,
2011-04974,2015,FIRST,AEC 1,T-3R,3,,2,1.0000,
2011-04974,2015,FIRST,ENG 2(AH),Y-3R,3,,3,1.0000,
2011-04974,2015,FIRST,STAT 1,Z-9L,3,,4,1.0000,
2011-04974,2015,FIRST,AGRI 121,X,3,,5,1.0000,
2010-18277,2015,FIRST,STAT 1,D-9L,3,,2,1.0000,
2010-18277,2015,FIRST,THEA 107,Y,3,,3,1.0000,
2010-18277,2015,FIRST,IT 1(MST),V-6L,3,,4,1.0000,
2013-70092,2015,FIRST,PE 1,ST1,0,,1,1.0000,
2013-70092,2015,FIRST,NSTP 1,EM1,0,,2,1.0000,
2013-70092,2015,FIRST,CHEM 15.1,23L,2,,3,1.0000,
2013-70092,2015,FIRST,SPCM 1(AH),G-3R,3,,4,1.0000,
2013-70092,2015,FIRST,ENG 1(AH),B-3R,3,,5,1.0000,
2013-70092,2015,FIRST,MATH 36,H-4R,5,,6,1.0000,
2008-47023,2015,FIRST,FPPS 127,YZ-2L,3,,1,1.0000,
2008-47023,2015,FIRST,PI 10(SSP),H-2R,3,,2,1.0000,
2008-47023,2015,FIRST,MATH 14,B-5R,3,,3,1.0000,
2008-47023,2015,FIRST,STAT 1,AB-3L,3,,4,1.0000,
2008-47023,2015,FIRST,ENG 10,C-1R,3,,5,1.0000,
2014-98896,2015,FIRST,NSTP 1,HE-EF1,0,,1,1.0000,
2014-98896,2015,FIRST,PE 1,AB1,0,,2,1.0000,
2014-98896,2015,FIRST,FRM 62,G-1L,4,,3,1.0000,
2014-98896,2015,FIRST,FBS 9,Y-1L,3,,4,1.0000,
2014-98896,2015,FIRST,FBS 21,A-5L,4,,5,1.0000,
2014-98896,2015,FIRST,SFI 10,T-1L,3,,7,1.0000,
2014-72670,2015,FIRST,NSTP 1,FR-BD,0,,2,1.0000,
2014-72670,2015,FIRST,MCB 1,C-3L,3,,3,1.0000,
2014-72670,2015,FIRST,BOT 3,AB-8L,3,,4,1.0000,
2014-72670,2015,FIRST,ENG 1(AH),X2-2R,3,,5,1.0000,
2014-72670,2015,FIRST,MATH 14,S-4R,3,,6,1.0000,
2014-72670,2015,FIRST,BIO 30,S-6L,3,,7,1.0000,
2011-47703,2015,FIRST,ENSC 14a,ZH,5,,2,1.0000,
2011-47703,2015,FIRST,PHYS 83,BT-2L,5,,3,1.0000,
2011-47703,2015,FIRST,ENG 2(AH),Y-3R,3,,4,1.0000,
2010-59962,2015,FIRST,STAT 1,ST-9L,3,,1,1.0000,
2010-59962,2015,FIRST,BIO 30,S-6L,3,,2,1.0000,
2010-59962,2015,FIRST,PHYS 3,X-2L,3,,3,1.0000,
2010-59962,2015,FIRST,PI 10(SSP),A-2R,3,,4,1.0000,
2010-59962,2015,FIRST,CHEM 40.0,E,3,,5,1.0000,
2011-49064,2015,FIRST,AECO 120,T-1R,3,,2,1.0000,
2011-49064,2015,FIRST,SOIL 1,U-6L,3,,3,1.0000,
2011-49064,2015,FIRST,STAT 1,Z-8L,3,,4,1.0000,
2011-49064,2015,FIRST,BOT 20,ST-3L,3,,5,1.0000,
2011-49064,2015,FIRST,PHYS 3,E-5L,3,,6,1.0000,
2013-06206,2015,FIRST,NSTP 1,FR-BD,0,,1,1.0000,
2013-06206,2015,FIRST,CHEM 40.0,B,3,,2,1.0000,
2013-06206,2015,FIRST,SPCM 1(AH),W-3R,3,,3,1.0000,
2013-06206,2015,FIRST,ENTR 1(SSP),ST-5R,3,,4,1.0000,
2013-06206,2015,FIRST,MATH 14,S-4R,3,,5,1.0000,
2013-06206,2015,FIRST,ENG 2(AH),F-2R,3,,6,1.0000,
2013-06760,2015,FIRST,NSTP 1,HE-EF2,0,,1,1.0000,
2013-06760,2015,FIRST,FPPS 11,AB-2L,3,,3,1.0000,
2013-06760,2015,FIRST,ECON 11,W-4R,3,,4,1.0000,
2013-06760,2015,FIRST,HIST 1(SSP),V1-4R,3,,5,1.0000,
2013-06760,2015,FIRST,CHEM 15.0,T,3,,6,1.0000,
2013-06760,2015,FIRST,MATH 14,S-2R,3,,7,1.0000,
2013-68078,2015,FIRST,NSTP 1,AS2,0,,1,1.0000,
2013-68078,2015,FIRST,BOT 20,ST-6L,3,,2,1.0000,
2013-68078,2015,FIRST,HIST 1(SSP),V2-2R,3,,3,1.0000,
2013-68078,2015,FIRST,CHEM 43.0,T,3,,4,1.0000,
2013-68078,2015,FIRST,CHEM 43.1,4L,2,,5,1.0000,
2013-68078,2015,FIRST,PHYS 13,U-6L,3,,6,1.0000,
2010-41499,2015,FIRST,CE 135,CD-2C,3,,2,1.0000,
2010-41499,2015,FIRST,ENG 10,C-4R,3,,3,1.0000,
2010-41499,2015,FIRST,PI 10(SSP),U-4R,3,,5,1.0000,
2010-41499,2015,FIRST,CE 134,T-1C,3,,6,1.0000,
2010-41499,2015,FIRST,ABE 72,UV-2L,3,,7,1.0000,
2013-98240,2015,FIRST,NSTP 1,AS2,0,,1,1.0000,
2013-98240,2015,FIRST,SFI 31,G-2L,4,,2,1.0000,
2013-98240,2015,FIRST,FPPS 11,ST1-1L,3,,3,1.0000,
2013-98240,2015,FIRST,FBS 21,A-6L,4,,4,1.0000,
2013-98240,2015,FIRST,FOR 31,GH-2L,3,,5,1.0000,
2012-15852,2015,FIRST,ENSC 13,T,3,,1,1.0000,
2012-15852,2015,FIRST,ENSC 21,E,3,,2,1.0000,
2012-15852,2015,FIRST,ENSC 16,W,3,,4,1.0000,
2012-15852,2015,FIRST,IT 1(MST),V-6L,3,,5,1.0000,
2012-15852,2015,FIRST,ENG 10,C-4R,3,,6,1.0000,
2011-47217,2015,FIRST,ENSC 10a,3L,2,,2,1.0000,
2011-47217,2015,FIRST,STAT 1,A-4L,3,,3,1.0000,
2011-47217,2015,FIRST,MATH 28,T-4R,3,,4,1.0000,
2011-47217,2015,FIRST,HIST 1(SSP),V1-2R,3,,5,1.0000,
2011-47217,2015,FIRST,HUM 3(AH),W,3,,6,1.0000,
2012-35002,2015,FIRST,NSTP 1,EM2,0,,1,1.0000,
2012-35002,2015,FIRST,FST 130,ST-3L,3,,3,1.0000,
2012-35002,2015,FIRST,MCB 180,B-2L,3,,4,1.0000,
2012-35002,2015,FIRST,STAT 1,S-10L,3,,5,1.0000,
2012-35002,2015,FIRST,CHEM 160,E,3,,6,1.0000,
2012-35002,2015,FIRST,ENG 2(AH),G-3R,3,,7,1.0000,
2013-06149,2015,FIRST,PI 10(SSP),B-2R,3,,1,1.0000,
2013-06149,2015,FIRST,SPCM 1(AH),F-6R,3,,2,1.0000,
2013-06149,2015,FIRST,CHEM 44.0,Z,3,,3,1.0000,
2013-06149,2015,FIRST,CHEM 44.1,2L,2,,4,1.0000,
2013-08507,2015,FIRST,NSTP 1,AS4,0,,1,1.0000,
2013-08507,2015,FIRST,PHYS 1,F-2L,3,,2,1.0000,
2013-08507,2015,FIRST,BIO 1,C-4L,3,,3,1.0000,
2013-08507,2015,FIRST,CHEM 15.0,H,3,,4,1.0000,
2013-08507,2015,FIRST,CHEM 15.1,29L,2,,5,1.0000,
2013-08507,2015,FIRST,IT 1(MST),G-3L,3,,6,1.0000,
2008-09962,2015,FIRST,PHYS 1,F-3L,3,,2,1.0000,
2008-09962,2015,FIRST,ENG 2(AH),U-3R,3,,3,1.0000,
2008-09962,2015,FIRST,BIO 150,W-1L,3,,4,1.0000,
2008-09962,2015,FIRST,SPCM 1(AH),G-4R,3,,5,1.0000,
2008-09962,2015,FIRST,ENTR 1(SSP),ST-1R,3,,6,1.0000,
2012-11545,2015,FIRST,ENSC 21,T,3,,2,1.0000,
2012-11545,2015,FIRST,ENSC 26,C-4L,3,,3,1.0000,
2012-11545,2015,FIRST,PHYS 82,DV-3L,5,,4,1.0000,
2012-11545,2015,FIRST,ENSC 10b,8L,2,,5,1.0000,
2011-25452,2015,FIRST,CMSC 131,C-1L,3,,1,1.0000,
2011-25452,2015,FIRST,CMSC 124,T-3L,3,,2,1.0000,
2011-25452,2015,FIRST,STAT 1,D-9L,3,,3,1.0000,
2011-25452,2015,FIRST,MATH 28,T-2R,3,,4,1.0000,
2011-25452,2015,FIRST,ENG 10,B-2R,3,,5,1.0000,
2011-52480,2015,FIRST,EE 11,W-1L,4,,2,1.0000,
2011-52480,2015,FIRST,ENSC 21,C,3,,3,1.0000,
2011-52480,2015,FIRST,ENSC 14a,ZH-1C,5,,4,1.0000,
2011-52480,2015,FIRST,ENSC 11,V,3,,5,1.0000,
2013-42261,2015,FIRST,PHYS 81,GY-4L,5,,1,1.0000,
2013-42261,2015,FIRST,STAT 101,B-4L,3,,2,1.0000,
2013-42261,2015,FIRST,ENSC 10a,4L,2,,3,1.0000,
2013-42261,2015,FIRST,SPCM 1(AH),U1-3R,3,,4,1.0000,
2012-46513,2015,FIRST,NSTP 1,HE-EF2,0,,1,1.0000,
2012-46513,2015,FIRST,ENG 2(AH),G-6R,3,,3,1.0000,
2012-46513,2015,FIRST,HUM 2(AH),X2-1R,3,,4,1.0000,
2012-46513,2015,FIRST,CMSC 2,E-5L,3,,5,1.0000,
2012-46513,2015,FIRST,PI 10(SSP),H-5R,3,,6,1.0000,
2010-19836,2015,FIRST,NSTP 1,AS2,0,,1,1.0000,
2010-19836,2015,FIRST,BOT 20,ST-3L,3,,2,1.0000,
2010-19836,2015,FIRST,ENG 2(AH),U-3R,3,,3,1.0000,
2010-19836,2015,FIRST,BIO 30,S-7L,3,,4,1.0000,
2010-19836,2015,FIRST,STAT 1,V-7L,3,,5,1.0000,
2010-19836,2015,FIRST,PI 10(SSP),U-3R,3,,6,1.0000,
2007-65910,2015,FIRST,HUM 1(AH),X,3,,1,1.0000,
2007-65910,2015,FIRST,ENG 2(AH),F-4R,3,,2,1.0000,
2007-65910,2015,FIRST,STAT 1,D-6L,3,,3,1.0000,
2007-65910,2015,FIRST,BIO 30,A-2L,3,,4,1.0000,
2007-65910,2015,FIRST,PHYS 3,C-2L,3,,5,1.0000,
2012-60403,2015,FIRST,PE 1,YZ2,0,,1,1.0000,
2012-60403,2015,FIRST,NSTP 1,EN1,0,,2,1.0000,
2012-60403,2015,FIRST,ENSC 21,E,3,,3,1.0000,
2012-60403,2015,FIRST,ENSC 14a,ZH-2C,5,,4,1.0000,
2012-60403,2015,FIRST,ENSC 12,T,3,,5,1.0000,
2012-60403,2015,FIRST,HUM 2(AH),F-5R,3,,6,1.0000,
2011-10187,2015,FIRST,PE 1,ST1,0,,1,1.0000,
2011-10187,2015,FIRST,STAT 135,W-3R,3,,2,1.0000,
2011-10187,2015,FIRST,STAT 144,CD-3R,3,,3,1.0000,
2011-10187,2015,FIRST,SPCM 1(AH),Y-1R,3,,4,1.0000,
2011-10187,2015,FIRST,STAT 172,AB-3L,3,,5,1.0000,
2011-10187,2015,FIRST,CMSC 22,WX-5L,3,,6,1.0000,
2011-44472,2015,FIRST,PE 1,EF2,0,,1,1.0000,
2011-44472,2015,FIRST,SPCM 1(AH),B-4R,3,,2,1.0000,
2011-44472,2015,FIRST,CHEM 15.0,X,3,,3,1.0000,
2011-44472,2015,FIRST,CHEM 15.1,4L,2,,4,1.0000,
2011-44472,2015,FIRST,HIST 1(SSP),V2-3R,3,,5,1.0000,
2011-44472,2015,FIRST,BIO 2,W-5L,3,,6,1.0000,
2011-44472,2015,FIRST,SPCM 1(AH),B-4R,3,,0,0.0000,
2011-52081,2015,FIRST,VETA 103,G-4L,3,,1,1.0000,
2011-52081,2015,FIRST,VETA 101,GH-4L,5,,2,1.0000,
2011-52081,2015,FIRST,HUM 3(AH),W,3,,3,1.0000,
2011-52081,2015,FIRST,CHEM 160.1,2L,2,,4,1.0000,
2012-47293,2015,FIRST,ABE 41,T-2L,4,,1,1.0000,
2012-47293,2015,FIRST,ABE 50,A-2L,3,,2,1.0000,
2012-47293,2015,FIRST,ENSC 10b,6L,2,,3,1.0000,
2012-47293,2015,FIRST,SPCM 1(AH),Y-5R,3,,4,1.0000,
2012-47293,2015,FIRST,ABE 31,B-2L,2,,5,1.0000,
2009-60206,2015,FIRST,ABE 71,C-2L,3,,1,1.0000,
2009-60206,2015,FIRST,IE 150,U,3,,3,1.0000,
2009-60206,2015,FIRST,ENG 10,T-4R,3,,4,1.0000,
2010-07153,2015,FIRST,ECON 101,T-3R,3,,2,1.0000,
2010-07153,2015,FIRST,PHYS 3,C-5L,3,,3,1.0000,
2010-07153,2015,FIRST,BOT 1,ST-3L,3,,4,1.0000,
2010-07153,2015,FIRST,ZOO 1,WX-7L,3,,5,1.0000,
2010-07153,2015,FIRST,CHEM 15.0,G,3,,6,1.0000,
2011-09245,2015,FIRST,NSTP 1,HE-EF2,0,,1,1.0000,
2011-09245,2015,FIRST,IE 21,W,3,,2,1.0000,
2011-09245,2015,FIRST,ENSC 21,B,3,,3,1.0000,
2011-09245,2015,FIRST,ENSC 14a,YG,5,,4,1.0000,
2011-09245,2015,FIRST,ENSC 11,V,3,,5,1.0000,
2011-22177,2015,FIRST,PHYS 81,ABST-5L,5,,1,1.0000,
2011-22177,2015,FIRST,MATH 38,T-2R,3,,2,1.0000,
2011-22177,2015,FIRST,IE 143,E,3,,3,1.0000,
2011-22177,2015,FIRST,IE 164,C,3,,4,1.0000,
2009-55213,2015,FIRST,FPPS 127,YZ-2L,3,,1,1.0000,
2009-55213,2015,FIRST,ZOO 1,B-8L,3,,2,1.0000,
2009-55213,2015,FIRST,FRM 92,G-3L,3,,3,1.0000,
2009-55213,2015,FIRST,ENG 10,C-1R,3,,4,1.0000,
2009-55213,2015,FIRST,FRM 153,AB-2L,3,,5,1.0000,
2009-04522,2015,FIRST,CE 133,AB-2C,3,,1,1.0000,
2009-04522,2015,FIRST,CE 151,V,3,,2,1.0000,
2009-04522,2015,FIRST,CE 171,W,3,,3,1.0000,
2010-18278,2015,FIRST,AECO 136,AB-3R,3,,1,1.0000,
2010-18278,2015,FIRST,STAT 1,S-6L,3,,3,1.0000,
2010-18278,2015,FIRST,BIO 30,A-3L,3,,4,1.0000,
2010-18278,2015,FIRST,AECO 104,T-2L,3,,7,1.0000,
2010-18278,2015,FIRST,SOSC 3(SSP),Y-1R,3,,0,0.0000,
2014-98805,2015,FIRST,NSTP 1,EN1,0,,1,1.0000,
2014-98805,2015,FIRST,SPCM 1(AH),B-4R,3,,2,1.0000,
2014-98805,2015,FIRST,HUME 101,U,3,,3,1.0000,
2014-98805,2015,FIRST,BIO 2,W-3L,3,,4,1.0000,
2014-98805,2015,FIRST,PHYS 1,F-5L,3,,5,1.0000,
2014-98805,2015,FIRST,ECON 11,W-7R,3,,6,1.0000,
2011-62590,2015,FIRST,NSTP 1,EN1,0,,1,1.0000,
2011-62590,2015,FIRST,ENSC 11,Y,3,,3,1.0000,
2011-62590,2015,FIRST,ENSC 10b,3L,2,,4,1.0000,
2011-62590,2015,FIRST,PSY 1(SSP),X1-5R,3,,5,1.0000,
2011-32523,2015,FIRST,HUM 3(AH),F,3,,1,1.0000,
2011-32523,2015,FIRST,NASC 1(MST),D-4R,3,,2,1.0000,
2011-32523,2015,FIRST,MATH 165,T,3,,3,1.0000,
2011-32523,2015,FIRST,CMSC 21,UV-4L,3,,4,1.0000,
2011-32523,2015,FIRST,MATH 174,B-3L,3,,6,1.0000,
2011-18513,2015,FIRST,CERP 140,Y,3,,1,1.0000,
2011-18513,2015,FIRST,PI 10(SSP),G1-4R,3,,2,1.0000,
2011-18513,2015,FIRST,IT 1(MST),V-1L,3,,3,1.0000,
2011-18513,2015,FIRST,HIST 1(SSP),D-4R,3,,4,1.0000,
2011-18513,2015,FIRST,SPCM 1(AH),U1-2R,3,,5,1.0000,
2011-62147,2015,FIRST,ABE 71,C-2L,3,,1,1.0000,
2011-62147,2015,FIRST,ENSC 21,U,3,,2,1.0000,
2011-62147,2015,FIRST,ENSC 18,D-2L,3,,4,1.0000,
2011-62147,2015,FIRST,HIST 1(SSP),V1-5R,3,,5,1.0000,
2011-62147,2015,FIRST,IE 150,U,3,,6,1.0000,
2013-08172,2015,FIRST,NSTP 1,EN2,0,,1,1.0000,
2013-08172,2015,FIRST,CMSC 21,ST-4L,3,,2,1.0000,
2013-08172,2015,FIRST,MATH 27,A-2R,3,,3,1.0000,
2013-08172,2015,FIRST,ENG 2(AH),U-1R,3,,4,1.0000,
2013-08172,2015,FIRST,CMSC 22,WX-5L,3,,5,1.0000,
2013-08172,2015,FIRST,ENTR 1(SSP),ST-1R,3,,6,1.0000,
2011-16905,2015,FIRST,ECON 199a,Y2a,1,,2,1.0000,
2011-16905,2015,FIRST,AECO 151,ST-1R,3,,4,1.0000,
2011-16905,2015,FIRST,ECON 130,E,3,,5,1.0000,
2010-35150,2015,FIRST,APHY 102,H-1L,3,,1,1.0000,
2010-35150,2015,FIRST,ENG 10,C-3R,3,,2,1.0000,
2010-97033,2015,FIRST,NSTP 1,VM,0,,1,1.0000,
2010-97033,2015,FIRST,HUME 10(SSP),S-1R,3,,2,1.0000,
2010-97033,2015,FIRST,AECO 120,T-1R,3,,3,1.0000,
2010-97033,2015,FIRST,STAT 1,Z-4L,3,,4,1.0000,
2010-97033,2015,FIRST,HUM 3(AH),F,3,,5,1.0000,
2010-97033,2015,FIRST,SPCM 1(AH),W-1R,3,,6,1.0000,
2010-31798,2015,FIRST,HUME 10(SSP),U-3R,3,,1,1.0000,
2010-31798,2015,FIRST,FBS 21,A-2L,4,,2,1.0000,
2010-31798,2015,FIRST,PSY 1(SSP),B-3R,3,,3,1.0000,
2010-31798,2015,FIRST,HIST 1(SSP),V1-4R,3,,4,1.0000,
2009-53084,2015,FIRST,CE 141,S-1C,3,,1,1.0000,
2009-53084,2015,FIRST,ENG 10,T-5R,3,,2,1.0000,
2009-53084,2015,FIRST,ENSC 21,U,3,,4,1.0000,
2009-53084,2015,FIRST,ABE 180,Y,3,,5,1.0000,
2009-53084,2015,FIRST,CE 132,C-2C,3,,6,1.0000,
2009-63563,2015,FIRST,PE 1,EF2,0,,1,1.0000,
2009-63563,2015,FIRST,NASC 1(MST),D-4R,3,,2,1.0000,
2009-63563,2015,FIRST,ENG 2(AH),U-5R,3,,3,1.0000,
2009-63563,2015,FIRST,SOSC 3(SSP),F-5R,3,,4,1.0000,
2009-63563,2015,FIRST,SPCM 1(AH),W-5R,3,,5,1.0000,
2009-63563,2015,FIRST,PSY 1(SSP),C-3R,3,,6,1.0000,
2013-41621,2015,FIRST,ABE 70,G-2L,3,,2,1.0000,
2013-41621,2015,FIRST,ENTR 1(SSP),ST-2R,3,,3,1.0000,
2013-41621,2015,FIRST,PHYS 81,GY-2L,5,,4,1.0000,
2013-41621,2015,FIRST,MATH 38,T-3R,3,,5,1.0000,
2012-45109,2015,FIRST,MATH 14,B-2R,3,,2,1.0000,
2012-45109,2015,FIRST,ENG 2(AH),U-2R,3,,3,1.0000,
2012-45109,2015,FIRST,MST 101a,AR4,1,,4,1.0000,
2012-45109,2015,FIRST,SPCM 1(AH),W-4R,3,,5,1.0000,
2012-45109,2015,FIRST,PI 10(SSP),V-3R,3,,6,1.0000,
2011-62124,2015,FIRST,MATH 36,H-3R,5,,1,1.0000,
2009-24793,2015,FIRST,VMCB 121,E-2L,4,,1,1.0000,
2009-24793,2015,FIRST,VPHM 141,F-3L,4,,2,1.0000,
2009-24793,2015,FIRST,STAT 162,G-3L,3,,3,1.0000,
2009-24793,2015,FIRST,CHEM 160,S,3,,4,1.0000,
2010-41737,2015,FIRST,ENSC 12,E,3,,1,1.0000,
2010-41737,2015,FIRST,ENSC 13,D,3,,2,1.0000,
2010-41737,2015,FIRST,ENSC 14,G,3,,3,1.0000,
2010-41737,2015,FIRST,ENSC 21,F,3,,4,1.0000,
2010-41737,2015,FIRST,STAT 1,AB-4L,3,,5,1.0000,
2012-10075,2015,FIRST,ENSC 10b,4L,2,,2,1.0000,
2012-10075,2015,FIRST,EE 12,W-2L,4,,3,1.0000,
2012-10075,2015,FIRST,EE 18,Y,3,,4,1.0000,
2012-10075,2015,FIRST,STAT 1,A-5L,3,,5,1.0000,
2012-10075,2015,FIRST,HUM 3(AH),F,3,,6,1.0000,
2009-42897,2015,FIRST,STAT 135,W-2R,3,,1,1.0000,
2009-42897,2015,FIRST,CMSC 22,WX-5L,3,,2,1.0000,
2009-42897,2015,FIRST,MATH 17,U-3R,5,,3,1.0000,
2009-42897,2015,FIRST,MATH 28,T-2R,3,,4,1.0000,
2011-25092,2015,FIRST,VETA 103,G-2L,3,,1,1.0000,
2011-25092,2015,FIRST,VETA 101,GH-4L,5,,2,1.0000,
2011-25092,2015,FIRST,PI 10(SSP),V-5R,3,,3,1.0000,
2011-25092,2015,FIRST,HIST 1(SSP),V1-4R,3,,4,1.0000,
2009-21686,2015,FIRST,VETC 171,1L+,2,,1,1.0000,
2009-21686,2015,FIRST,CHEM 160.1,2L,2,,2,1.0000,
2009-21686,2015,FIRST,VPH 123,AB-3L,4,,3,1.0000,
2011-16279,2015,FIRST,ECON 102,G2,3,,1,1.0000,
2011-16279,2015,FIRST,ECON 103,U,3,,2,1.0000,
2007-14781,2015,FIRST,ABE 71,C-2L,3,,1,1.0000,
2007-14781,2015,FIRST,ABE 11,B-1C,3,,2,1.0000,
2007-14781,2015,FIRST,ABE 40,S-2L,4,,3,1.0000,
2007-14781,2015,FIRST,ABE 41,T-2L,4,,4,1.0000,
2011-15827,2015,FIRST,EE 11,U-2L,4,,1,1.0000,
2011-15827,2015,FIRST,ENSC 21,T,3,,2,1.0000,
2011-15827,2015,FIRST,ENSC 14a,YG-1C,5,,3,1.0000,
2013-98382,2015,FIRST,NSTP 1,DC-GH,0,,1,1.0000,
2013-98382,2015,FIRST,CRSC 2,AB-5L,3,,2,1.0000,
2013-98382,2015,FIRST,MATH 14,B-4R,3,,3,1.0000,
2013-98382,2015,FIRST,ENG 2(AH),Y-2R,3,,4,1.0000,
2013-98382,2015,FIRST,HUM 2(AH),F-4R,3,,5,1.0000,
2013-98382,2015,FIRST,STAT 1,Z-3L,3,,6,1.0000,
2013-40829,2015,FIRST,NSTP 1,FR-EF,0,,1,1.0000,
2013-40829,2015,FIRST,SOSC 3(SSP),D-6R,3,,2,1.0000,
2013-40829,2015,FIRST,SPCM 1(AH),U1-3R,3,,3,1.0000,
2013-40829,2015,FIRST,PHYS 82,DV-4L,5,,4,1.0000,
2013-40829,2015,FIRST,MATH 38,T-3R,3,,5,1.0000,
2014-98726,2015,FIRST,PE 1,EF1,0,,1,1.0000,
2014-98726,2015,FIRST,NSTP 1,AS4,0,,2,1.0000,
2014-98726,2015,FIRST,ENG 1(AH),H-3R,3,,3,1.0000,
2014-98726,2015,FIRST,CHEM 15.0,T,3,,4,1.0000,
2014-98726,2015,FIRST,CHEM 15.1,23L,2,,5,1.0000,
2014-98726,2015,FIRST,MATH 14,B-4R,3,,6,1.0000,
2014-98726,2015,FIRST,CRSC 1,U-3L,3,,7,1.0000,
2012-37979,2015,FIRST,NSTP 1,EN2,0,,1,1.0000,
2012-37979,2015,FIRST,AECO 141,U-2L,3,,3,1.0000,
2012-37979,2015,FIRST,ENG 1(AH),A-6R,3,,4,1.0000,
2012-37979,2015,FIRST,CHEM 15.0,S,3,,5,1.0000,
2012-37979,2015,FIRST,STAT 1,V-10L,3,,6,1.0000,
2012-37979,2015,FIRST,ECON 101,T-6R,3,,7,1.0000,
2012-10814,2015,FIRST,ANSC 2,B-7L,3,,2,1.0000,
2012-10814,2015,FIRST,CRSC 2,S-1L,3,,3,1.0000,
2012-10814,2015,FIRST,SOIL 1,U-5L,3,,4,1.0000,
2012-10814,2015,FIRST,CRPT 1,T-8L,3,,5,1.0000,
2012-10814,2015,FIRST,AGRI 11,G,1,,6,1.0000,
2011-01394,2015,FIRST,ECON 103,U,3,,1,1.0000,
2011-01394,2015,FIRST,ECON 102,T,3,,2,1.0000,
2011-01394,2015,FIRST,HUM 3(AH),W,3,,3,1.0000,
2011-01394,2015,FIRST,PI 10(SSP),B-1R,3,,4,1.0000,
2013-39715,2015,FIRST,ENSC 21,Y,3,,2,1.0000,
2013-39715,2015,FIRST,SPCM 1(AH),G-3R,3,,3,1.0000,
2013-39715,2015,FIRST,PHYS 82,DV-4L,5,,4,1.0000,
2013-39715,2015,FIRST,ENSC 11,E,3,,5,1.0000,
2011-35750,2015,FIRST,EE 21,D-3L,4,,2,1.0000,
2011-35750,2015,FIRST,EE 41,U-1L,4,,3,1.0000,
2013-08290,2015,FIRST,MATH 174,B-4L,3,,1,1.0000,
2013-08290,2015,FIRST,SOSC 3(SSP),V-5R,3,,3,1.0000,
2013-08290,2015,FIRST,SPCM 1(AH),F-5R,3,,4,1.0000,
2013-08290,2015,FIRST,HIST 2(SSP),T-5R,3,,5,1.0000,
2009-40896,2015,FIRST,CHEM 120.1,3L,2,,2,1.0000,
2009-40896,2015,FIRST,BIO 2,W-4L,3,,4,1.0000,
2009-40896,2015,FIRST,CHEM 44.1,2L,2,,5,1.0000,
2009-40896,2015,FIRST,PSY 1(SSP),X2-5R,3,,6,1.0000,
2009-40896,2015,FIRST,CHEM 111.1,8L,2,,7,1.0000,
2013-05447,2015,FIRST,NSTP 1,DC-GH,0,,1,1.0000,
2013-05447,2015,FIRST,CRSC 2,UV-6L,3,,2,1.0000,
2013-05447,2015,FIRST,CHEM 15.1,23L+,2,,3,1.0000,
2013-05447,2015,FIRST,CHEM 15.0,H,3,,4,1.0000,
2013-05447,2015,FIRST,MATH 14,B-2R,3,,5,1.0000,
2013-05447,2015,FIRST,ECON 11,U-1R,3,,6,1.0000,
2010-50437,2015,FIRST,SDS 31,A-2L,3,,1,1.0000,
2010-50437,2015,FIRST,CERP 11,G,3,,2,1.0000,
2010-50437,2015,FIRST,CERP 140,Y,3,,3,1.0000,
2010-50437,2015,FIRST,ENG 10,T-6R,3,,5,1.0000,
2010-50437,2015,FIRST,CERP 133,W-2L,3,,0,0.0000,
2013-08738,2015,FIRST,NSTP 1,EN2,0,,1,1.0000,
2013-08738,2015,FIRST,SPCM 1(AH),W-1R,3,,2,1.0000,
2013-08738,2015,FIRST,AECO 141,U-2L,3,,3,1.0000,
2013-08738,2015,FIRST,MATH 14,B-2R,3,,4,1.0000,
2013-08738,2015,FIRST,ENG 2(AH),Y-1R,3,,5,1.0000,
2013-08738,2015,FIRST,STAT 1,ST-8L,3,,6,1.0000,
2013-36660,2015,FIRST,NSTP 1,EN1,0,,1,1.0000,
2013-36660,2015,FIRST,MATH 14,B-2R,3,,2,1.0000,
2013-36660,2015,FIRST,SPCM 1(AH),G-4R,3,,3,1.0000,
2013-36660,2015,FIRST,HUME 10(SSP),G-3R,3,,4,1.0000,
2013-36660,2015,FIRST,SOSC 4(SSP),C-5R,3,,5,1.0000,
2013-36660,2015,FIRST,MGT 131,F,3,,6,1.0000,
2012-19817,2015,FIRST,ENG 101,V,3,,1,1.0000,
2012-19817,2015,FIRST,COMA 192,G,3,,2,1.0000,
2012-19817,2015,FIRST,SPCM 101,W,3,,3,1.0000,
2012-19817,2015,FIRST,CMSC 2,E-5L,3,,4,1.0000,
2011-46251,2015,FIRST,ENSC 12,D,3,,2,1.0000,
2011-46251,2015,FIRST,ENSC 14a,ZH-1C,5,,3,1.0000,
2011-46251,2015,FIRST,PI 10(SSP),A-6R,3,,4,1.0000,
2011-46251,2015,FIRST,SOSC 3(SSP),Y-6R,3,,5,1.0000,
2011-16983,2015,FIRST,PHYS 83,BT-4L,5,,1,1.0000,
2011-16983,2015,FIRST,APHY 102,H-3L,3,,2,1.0000,
2011-16983,2015,FIRST,APHY 101,AB-3L,3,,3,1.0000,
2010-68723,2015,FIRST,EE 21,D-3L,4,,1,1.0000,
2010-68723,2015,FIRST,EE 41,U-1L,4,,2,1.0000,
2010-68723,2015,FIRST,EE 170,D,3,,3,1.0000,
2012-19067,2015,FIRST,PE 1,AB2,0,,1,1.0000,
2012-19067,2015,FIRST,CRPT 1,T-4L,3,,2,1.0000,
2012-19067,2015,FIRST,SOIL 1,U-2L,3,,3,1.0000,
2012-19067,2015,FIRST,BOT 1,B-2L,3,,4,1.0000,
2012-19067,2015,FIRST,ZOO 1,A-3L,3,,5,1.0000,
2012-19067,2015,FIRST,AGRI 11,G,1,,6,1.0000,
2012-10077,2015,FIRST,MATH 181,V,3,,6,1.0000,
2012-10077,2015,FIRST,ENG 2(AH),F-5R,3,,7,1.0000,
2012-10077,2015,FIRST,PI 10(SSP),Z1-1R,3,,0,0.0000,
2012-10077,2015,FIRST,MATH 174,B-4L,3,,0,0.0000,
2012-19260,2015,FIRST,VETA 103,B-2L,3,,1,1.0000,
2012-19260,2015,FIRST,VETA 101,GH-2L,5,,2,1.0000,
2012-19260,2015,FIRST,CHEM 15.0,X,3,,4,1.0000,
2012-19260,2015,FIRST,STAT 1,ST-9L,3,,5,1.0000,
2012-47298,2015,FIRST,PE 1,EF2,0,,1,1.0000,
2012-47298,2015,FIRST,NSTP 1,AS4,0,,2,1.0000,
2012-47298,2015,FIRST,SPCM 1(AH),U1-4R,3,,3,1.0000,
2012-47298,2015,FIRST,SOSC 1(SSP),C-4R,3,,4,1.0000,
2012-47298,2015,FIRST,MATH 36,H-4R,5,,5,1.0000,
2012-47298,2015,FIRST,STAT 1,H-9L,3,,6,1.0000,
2011-15147,2015,FIRST,NSTP 1,HE-EF1,0,,1,1.0000,
2011-15147,2015,FIRST,HUM 3(AH),F,3,,2,1.0000,
2011-15147,2015,FIRST,MATH 14,S-1R,3,,4,1.0000,
2011-15147,2015,FIRST,STAT 1,V-10L,3,,5,1.0000,
2011-15147,2015,FIRST,BIO 101,W,3,,6,1.0000,
2011-15147,2015,FIRST,PI 10(SSP),A2-1R,3,,7,1.0000,
2012-19220,2015,FIRST,SDS 32,Y,3,,1,1.0000,
2012-19220,2015,FIRST,HFDS 31,U,3,,2,1.0000,
2012-19220,2015,FIRST,MATH 14,S-3R,3,,3,1.0000,
2012-19220,2015,FIRST,ENG 2(AH),G-3R,3,,4,1.0000,
2012-19220,2015,FIRST,CHEM 15.0,S,3,,5,1.0000,
2010-13126,2015,FIRST,CMSC 11,T-4L,3,,1,1.0000,
2010-13126,2015,FIRST,CHEM 32.0,X,3,,2,1.0000,
2010-13126,2015,FIRST,FST 101,S-2L,3,,3,1.0000,
2010-13126,2015,FIRST,PHYS 13,U-6L,3,,4,1.0000,
2010-13126,2015,FIRST,FST 130,ST-3L,3,,5,1.0000,
2014-28142,2015,FIRST,NSTP 1,HE-EF1,0,,1,1.0000,
2014-28142,2015,FIRST,MATH 17,B-1R,5,,3,1.0000,
2014-28142,2015,FIRST,HIST 2(SSP),T-5R,3,,4,1.0000,
2014-28142,2015,FIRST,BIO 2,W-5L,3,,5,1.0000,
2014-28142,2015,FIRST,ENG 2(AH),F-5R,3,,6,1.0000,
2009-61128,2015,FIRST,EE 21,D-3L,4,,2,1.0000,
2009-61128,2015,FIRST,EE 41,T-2L,4,,3,1.0000,
2009-61128,2015,FIRST,ENSC 14a,ZH-2C,5,,4,1.0000,
2014-98904,2015,FIRST,NSTP 1,EN1,0,,1,1.0000,
2014-98904,2015,FIRST,FRM 62,G-1L,4,,2,1.0000,
2014-98904,2015,FIRST,FBS 9,Y-1L,3,,3,1.0000,
2014-98904,2015,FIRST,SFI 10,B-2L,3,,4,1.0000,
2009-96589,2015,FIRST,PE 1,ST2,0,,1,1.0000,
2009-96589,2015,FIRST,SFI 31,G-2L,4,,2,1.0000,
2009-96589,2015,FIRST,FBS 21,A-4L,4,,3,1.0000,
2013-06543,2015,FIRST,FPPS 11,ST1-1L,3,,2,1.0000,
2013-06543,2015,FIRST,ECON 11,W-4R,3,,3,1.0000,
2013-06543,2015,FIRST,CHEM 15.0,X,3,,4,1.0000,
2013-06543,2015,FIRST,MATH 14,B-5R,3,,5,1.0000,
2013-03572,2015,FIRST,STAT 1,A-1L,3,,1,1.0000,
2013-03572,2015,FIRST,ENG 2(AH),U-5R,3,,2,1.0000,
2013-03572,2015,FIRST,HUM 3(AH),W,3,,3,1.0000,
2011-40011,2015,FIRST,VETA 103,B-2L,3,,2,1.0000,
2011-40011,2015,FIRST,VETA 101,GH-3L,5,,3,1.0000,
2011-40011,2015,FIRST,STAT 162,G-5L,3,,4,1.0000,
2011-40011,2015,FIRST,CHEM 160,V,3,,5,1.0000,
2013-48710,2015,FIRST,PE 1,ST1,0,,1,1.0000,
2013-48710,2015,FIRST,NSTP 1,FR-EF,0,,2,1.0000,
2013-48710,2015,FIRST,MATH 37,X-4R,5,,3,1.0000,
2013-48710,2015,FIRST,PHYS 81,GY-1L,5,,4,1.0000,
2013-48710,2015,FIRST,CHEM 15.0,H,3,,5,1.0000,
2013-48710,2015,FIRST,CHEM 15.1,3L,2,,6,1.0000,
2012-29252,2015,FIRST,CE 121,AB2,3,,1,1.0000,
2012-29252,2015,FIRST,ENSC 14,G,3,,2,1.0000,
2012-29252,2015,FIRST,ENSC 13,U,3,,3,1.0000,
2012-29252,2015,FIRST,ENSC 10b,2L,2,,4,1.0000,
2012-29252,2015,FIRST,ENSC 16,W,3,,5,1.0000,
2004-62303,2015,FIRST,EE 158,ST-2L,3,,1,1.0000,
2004-62303,2015,FIRST,EE 141,V-2L,3,,2,1.0000,
2004-62303,2015,FIRST,EE 181,YZ-2L,3,,3,1.0000,
2013-04394,2015,FIRST,NSTP 1,HE-EF2,0,,1,1.0000,
2013-04394,2015,FIRST,ENG 1(AH),Y-6R,3,,2,1.0000,
2013-04394,2015,FIRST,HIST 1(SSP),D-5R,3,,3,1.0000,
2013-04394,2015,FIRST,BIO 1,C-1L,3,,4,1.0000,
2013-04394,2015,FIRST,PHYS 1,F-3L,3,,5,1.0000,
2013-04394,2015,FIRST,SPCM 1(AH),B-4R,3,,7,1.0000,
2012-21023,2015,FIRST,MATH 174,B-3L,3,,3,1.0000,
2012-21023,2015,FIRST,MATH 181,V,3,,4,1.0000,
2012-21023,2015,FIRST,HIST 1(SSP),D-6R,3,,0,0.0000,
2012-21023,2015,FIRST,CMSC 22,WX-6L,3,,0,0.0000,
2014-98846,2015,FIRST,NSTP 1,AS1,0,,1,1.0000,
2014-98846,2015,FIRST,PE 1,AB1,0,,2,1.0000,
2014-98846,2015,FIRST,FRM 62,G-1L,4,,3,1.0000,
2014-98846,2015,FIRST,FBS 9,Y-1L,3,,4,1.0000,
2014-98846,2015,FIRST,FBS 21,A-3L,4,,5,1.0000,
2014-98846,2015,FIRST,SFI 10,T-1L,3,,7,1.0000,
2013-08192,2015,FIRST,NSTP 1,EM2,0,,1,1.0000,
2013-08192,2015,FIRST,ENG 2(AH),G-5R,3,,3,1.0000,
2013-08192,2015,FIRST,ECON 11,W-2R,3,,4,1.0000,
2013-08192,2015,FIRST,MCB 1,C-5L,3,,5,1.0000,
2013-08192,2015,FIRST,STAT 1,D-5L,3,,6,1.0000,
2013-08192,2015,FIRST,SPCM 1(AH),G-6R,3,,7,1.0000,
2012-19407,2015,FIRST,NSTP 1,AS3,0,,1,1.0000,
2012-19407,2015,FIRST,BIO 150,U-2L,3,,2,1.0000,
2012-19407,2015,FIRST,ENG 2(AH),G-1R,3,,3,1.0000,
2012-19407,2015,FIRST,BIO 30,A-2L,3,,5,1.0000,
2012-19407,2015,FIRST,HUME 10(SSP),U-1R,3,,6,1.0000,
2012-19407,2015,FIRST,PI 10(SSP),H-3R,3,,7,1.0000,
2011-01249,2015,FIRST,FST 130,ST-2L,3,,1,1.0000,
2011-01249,2015,FIRST,CHEM 40.0,D,3,,2,1.0000,
2011-01249,2015,FIRST,CHEM 32.0,X,3,,3,1.0000,
2011-01249,2015,FIRST,PHYS 13,U-6L,3,,4,1.0000,
2011-01249,2015,FIRST,HUME 10(SSP),S-1R,3,,6,1.0000,
2013-10250,2015,FIRST,NSTP 1,AS2,0,,1,1.0000,
2013-10250,2015,FIRST,SPCM 1(AH),U1-3R,3,,2,1.0000,
2013-10250,2015,FIRST,MATH 17,B-2R,5,,3,1.0000,
2013-10250,2015,FIRST,ENG 2(AH),Y-6R,3,,4,1.0000,
2013-10250,2015,FIRST,SOSC 1(SSP),S-6R,3,,5,1.0000,
2011-21414,2015,FIRST,PI 10(SSP),A-4R,3,,3,1.0000,
2011-21414,2015,FIRST,ZOO 1,B-6L,3,,4,1.0000,
2011-21414,2015,FIRST,BOT 1,T-1L,3,,5,1.0000,
2009-57349,2015,FIRST,VMCB 121,E-2L,4,,1,1.0000,
2009-57349,2015,FIRST,VPAR 131,Y-2L,4,,2,1.0000,
2009-57349,2015,FIRST,CHEM 160,V,3,,3,1.0000,
2009-57349,2015,FIRST,VETA 103,G-3L,3,,4,1.0000,
2010-32407,2015,FIRST,PI 10(SSP),A-5R,3,,1,1.0000,
2010-32407,2015,FIRST,STAT 166,EF-1L,3,,2,1.0000,
2010-32407,2015,FIRST,ECON 10(SSP),T,3,,3,1.0000,
2010-32407,2015,FIRST,STS 1,Y1,3,,4,1.0000,
2014-98905,2015,FIRST,NSTP 1,EN2,0,,1,1.0000,
2014-98905,2015,FIRST,SFI 10,T-2L,3,,2,1.0000,
2014-98905,2015,FIRST,SFI 31,G-2L,4,,3,1.0000,
2014-98905,2015,FIRST,FPPS 11,ST1-2L,3,,4,1.0000,
2014-98905,2015,FIRST,FBS 9,Y-5L,3,,5,1.0000,
2011-20160,2015,FIRST,BIO 101,U,3,,1,1.0000,
2011-20160,2015,FIRST,ZOO 120,ABST-2L,5,,2,1.0000,
2011-20160,2015,FIRST,HUM 3(AH),F,3,,3,1.0000,
2009-16016,2015,FIRST,PE 1,EF1,0,,1,1.0000,
2009-16016,2015,FIRST,HUM 1(AH),X,3,,2,1.0000,
2009-16016,2015,FIRST,PSY 1(SSP),B-3R,3,,3,1.0000,
2009-16016,2015,FIRST,SFI 100,ST-3L,3,,4,1.0000,
2009-16016,2015,FIRST,FPPS 11,ST1-1L,3,,5,1.0000,
2009-16016,2015,FIRST,FBS 31,AB-3L,3,,6,1.0000,
2012-14485,2015,FIRST,FPPS 11,ST1-1L,3,,1,1.0000,
2012-14485,2015,FIRST,ECON 11,C-3R,3,,2,1.0000,
2012-14485,2015,FIRST,ZOO 1,T-7L,3,,3,1.0000,
2012-14485,2015,FIRST,CHEM 15.0,H,3,,4,1.0000,
2012-14485,2015,FIRST,CHEM 15.1,26L,2,,5,1.0000,
2009-96562,2015,FIRST,BOT 1,V-7L,3,,2,1.0000,
2009-96562,2015,FIRST,ZOO 1,B-8L,3,,3,1.0000,
2009-96562,2015,FIRST,SFI 120,A-2L,3,,4,1.0000,
2009-96562,2015,FIRST,FBS 45,U-4L,4,,5,1.0000,
2009-37556,2015,FIRST,ENSC 12,V,3,,2,1.0000,
2009-37556,2015,FIRST,ENSC 14a,ZH,5,,3,1.0000,
2009-37556,2015,FIRST,ENSC 13,U,3,,4,1.0000,
2009-37556,2015,FIRST,ENG 10,B-4R,3,,5,1.0000,
2011-63026,2015,FIRST,CMSC 11,U-4L,3,,2,1.0000,
2011-63026,2015,FIRST,CHEM 15.0,H,3,,3,1.0000,
2011-63026,2015,FIRST,MATH 14,B-3R,3,,4,1.0000,
2011-63026,2015,FIRST,BIO 30,A-1L,3,,5,1.0000,
2011-63026,2015,FIRST,STAT 1,ST-7L,3,,6,1.0000,
2013-50806,2015,FIRST,NSTP 1,VM,0,,1,1.0000,
2013-50806,2015,FIRST,ECON 101,T-2R,3,,2,1.0000,
2013-50806,2015,FIRST,MATH 17,A-3R,5,,3,1.0000,
2013-50806,2015,FIRST,ENG 2(AH),G-2R,3,,4,1.0000,
2013-50806,2015,FIRST,SOC 10,V,3,,5,1.0000,
2013-03825,2015,FIRST,ENSC 10a,5L,2,,2,1.0000,
2013-03825,2015,FIRST,MATH 36,H-2R,5,,3,1.0000,
2013-03825,2015,FIRST,STAT 1,D-3L,3,,4,1.0000,
2013-03825,2015,FIRST,ENG 2(AH),Y-3R,3,,5,1.0000,
2013-27780,2015,FIRST,HIST 2(SSP),T-4R,3,,1,1.0000,
2013-27780,2015,FIRST,ENG 2(AH),U-4R,3,,2,1.0000,
2013-27780,2015,FIRST,SOSC 4(SSP),C-4R,3,,3,1.0000,
2013-27780,2015,FIRST,ECON 11,W-6R,3,,4,1.0000,
2013-27780,2015,FIRST,BIO 30,S-7L,3,,5,1.0000,
2011-20600,2015,FIRST,CHEM 112.1,3L,2,,1,1.0000,
2011-20600,2015,FIRST,CHEM 120.1,2L,2,,3,1.0000,
2011-20600,2015,FIRST,STS 1,Y2,3,,0,0.0000,
2009-35035,2015,FIRST,ENG 1(AH),V-2R,3,,3,1.0000,
2009-35035,2015,FIRST,ENSC 13,X,3,,4,1.0000,
2009-35035,2015,FIRST,ENG 10,C-1R,3,,5,1.0000,
2009-35035,2015,FIRST,PI 10(SSP),Z1-2R,3,,6,1.0000,
2014-09702,2015,FIRST,NSTP 1,EN2,0,,2,1.0000,
2014-09702,2015,FIRST,BOT 1,B-1L,3,,3,1.0000,
2014-09702,2015,FIRST,ZOO 1,A-7L,3,,4,1.0000,
2014-09702,2015,FIRST,SOSC 1(SSP),X-4R,3,,5,1.0000,
2014-09702,2015,FIRST,ENG 2(AH),G-2R,3,,6,1.0000,
2014-09702,2015,FIRST,ECON 11,W-7R,3,,7,1.0000,
2012-37827,2015,FIRST,VETA 103,B-2L,3,,2,1.0000,
2012-37827,2015,FIRST,VETA 101,GH-2L,5,,3,1.0000,
2012-37827,2015,FIRST,ENTR 1(SSP),B-4R,3,,5,1.0000,
2012-37827,2015,FIRST,STAT 162,G-4L,3,,6,1.0000,
2012-16422,2015,FIRST,NSTP 1,AS1,0,,1,1.0000,
2012-16422,2015,FIRST,HUM 1(AH),V,3,,2,1.0000,
2012-16422,2015,FIRST,NASC 6(MST),B,3,,3,1.0000,
2012-16422,2015,FIRST,PHYS 1,F-3L,3,,4,1.0000,
2012-16422,2015,FIRST,ENG 2(AH),U-5R,3,,5,1.0000,
2012-16422,2015,FIRST,MATH 14,YZ-4R,3,,6,1.0000,
2014-80514,2015,FIRST,NSTP 1,FR-EF,0,,2,1.0000,
2014-80514,2015,FIRST,PSY 1(SSP),X2-3R,3,,3,1.0000,
2014-80514,2015,FIRST,ENTR 1(SSP),ST-3R,3,,4,1.0000,
2014-80514,2015,FIRST,ECON 11,C-1R,3,,5,1.0000,
2014-80514,2015,FIRST,CHEM 15.1,34L+,2,,6,1.0000,
2014-80514,2015,FIRST,CHEM 15.0,G,3,,7,1.0000,
2012-13419,2015,FIRST,CHEM 15.0,X,3,,1,1.0000,
2012-13419,2015,FIRST,MATH 14,YZ-1R,3,,2,1.0000,
2012-13419,2015,FIRST,HUM 3(AH),F,3,,3,1.0000,
2012-13419,2015,FIRST,HUME 10(SSP),S-1R,3,,4,1.0000,
2011-42925,2015,FIRST,STAT 1,AB-5L,3,,1,1.0000,
2011-42925,2015,FIRST,PPTH 104,B-3L,3,,2,1.0000,
2011-42925,2015,FIRST,MATH 14,YZ-1R,3,,3,1.0000,
2011-42925,2015,FIRST,CHEM 40.0,E,3,,4,1.0000,
2011-42925,2015,FIRST,MCB 101,F-3L,3,,5,1.0000,
2010-41323,2015,FIRST,ENG 10,T-2R,3,,1,1.0000,
2010-41323,2015,FIRST,MATH 181,V,3,,3,1.0000,
2010-41323,2015,FIRST,STAT 101,B-6L,3,,4,1.0000,
2010-41323,2015,FIRST,HUM 1(AH),X,3,,5,1.0000,
2010-41323,2015,FIRST,ECON 10(SSP),T,3,,6,1.0000,
2012-31334,2015,FIRST,PE 1,YZ1,0,,1,1.0000,
2012-31334,2015,FIRST,CMSC 131,C-2L,3,,2,1.0000,
2012-31334,2015,FIRST,CMSC 127,ST-4L,3,,3,1.0000,
2012-31334,2015,FIRST,CMSC 124,T-4L,3,,4,1.0000,
2012-31334,2015,FIRST,SPCM 1(AH),W-6R,3,,5,1.0000,
2012-31334,2015,FIRST,CMSC 165,U-4L,3,,6,1.0000,
2012-57605,2015,FIRST,PHYS 81,ABST-2L,5,,1,1.0000,
2012-57605,2015,FIRST,STAT 101,B-2L,3,,2,1.0000,
2012-57605,2015,FIRST,ENG 1(AH),G-4R,3,,3,1.0000,
2012-57605,2015,FIRST,CMSC 11,U-6L,3,,5,1.0000,
2010-97200,2015,FIRST,ENG 1(AH),D-1R,3,,1,1.0000,
2010-97200,2015,FIRST,CHEM 15.0,X,3,,2,1.0000,
2010-97200,2015,FIRST,CHEM 15.1,24L,2,,3,1.0000,
2010-97200,2015,FIRST,MATH 14,YZ-4R,3,,4,1.0000,
2010-97200,2015,FIRST,ANSC 1,AB-6L,3,,5,1.0000,
2010-21839,2015,FIRST,PHYS 82,DV-6L,5,,1,1.0000,
2010-21839,2015,FIRST,ENSC 13,F,3,,2,1.0000,
2010-21839,2015,FIRST,ENSC 16,W,3,,3,1.0000,
2010-21839,2015,FIRST,ENSC 21,Y,3,,4,1.0000,
2011-62635,2015,FIRST,CMSC 2,E-3L,3,,3,1.0000,
2011-62635,2015,FIRST,COMA 192,G,3,,4,1.0000,
2011-62635,2015,FIRST,SPCM 101,W,3,,5,1.0000,
2011-62635,2015,FIRST,PI 10(SSP),H-6R,3,,6,1.0000,
2011-62635,2015,FIRST,ENG 106,U,3,,0,0.0000,
2014-98909,2015,FIRST,PE 1,AB1,0,,1,1.0000,
2014-98909,2015,FIRST,NSTP 1,AS2,0,,2,1.0000,
2014-98909,2015,FIRST,FBS 9,Y-1L,3,,3,1.0000,
2014-98909,2015,FIRST,FBS 21,A-4L,4,,4,1.0000,
2014-98909,2015,FIRST,SFI 10,T-1L,3,,6,1.0000,
2014-98909,2015,FIRST,SFI 31,G-2L,4,,7,1.0000,
2013-40681,2015,FIRST,PE 1,ST2,0,,1,1.0000,
2013-40681,2015,FIRST,NSTP 1,HE-EF1,0,,2,1.0000,
2013-40681,2015,FIRST,BIO 150,C-3L,3,,3,1.0000,
2013-40681,2015,FIRST,PHYS 1,F-2L,3,,4,1.0000,
2013-40681,2015,FIRST,ENG 2(AH),G-5R,3,,5,1.0000,
2013-40681,2015,FIRST,ECON 11,E-3R,3,,6,1.0000,
2013-40681,2015,FIRST,PSY 1(SSP),U-2R,3,,7,1.0000,
2012-25200,2015,FIRST,CMSC 131,C-1L,3,,1,1.0000,
2012-25200,2015,FIRST,CMSC 124,B-2L,3,,2,1.0000,
2012-25200,2015,FIRST,SPCM 1(AH),Y-6R,3,,3,1.0000,
2012-25200,2015,FIRST,MATH 26,W-3R,3,,4,1.0000,
2012-25200,2015,FIRST,ENG 2(AH),Y-6R,3,,5,1.0000,
2014-27644,2015,FIRST,NSTP 1,FR-BD,0,,2,1.0000,
2014-27644,2015,FIRST,ZOO 1,T-4L,3,,3,1.0000,
2014-27644,2015,FIRST,CHEM 15.0,X,3,,4,1.0000,
2014-27644,2015,FIRST,CHEM 15.1,31L+,2,,5,1.0000,
2014-27644,2015,FIRST,MATH 14,B-4R,3,,6,1.0000,
2014-27644,2015,FIRST,FBS 21,A-6L,4,,7,1.0000,
2010-43758,2015,FIRST,APHY 101,AB-3L,3,,1,1.0000,
2010-43758,2015,FIRST,MATH 27,A-3R,3,,3,1.0000,
2010-39101,2015,FIRST,PE 1,EF2,0,,1,1.0000,
2010-39101,2015,FIRST,VETA 101,GH-3L,5,,2,1.0000,
2010-39101,2015,FIRST,PI 10(SSP),U-5R,3,,3,1.0000,
2010-39101,2015,FIRST,STAT 162,G-8L,3,,4,1.0000,
2010-39101,2015,FIRST,VPTH 121,CD-3L,4,,5,1.0000,
2012-25201,2015,FIRST,NSTP 1,AS4,0,,1,1.0000,
2012-25201,2015,FIRST,SPCM 1(AH),G-4R,3,,2,1.0000,
2012-25201,2015,FIRST,CMSC 22,WX-6L,3,,3,1.0000,
2012-25201,2015,FIRST,STS 1,Y2,3,,4,1.0000,
2012-25201,2015,FIRST,ENG 2(AH),U-1R,3,,5,1.0000,
2012-28040,2015,FIRST,ENSC 12,V,3,,2,1.0000,
2012-28040,2015,FIRST,ENSC 14a,ZH-2C,5,,3,1.0000,
2012-28040,2015,FIRST,PHYS 83,BT-6L,5,,4,1.0000,
2011-09952,2015,FIRST,SPCM 1(AH),Y-3R,3,,1,1.0000,
2011-09952,2015,FIRST,CHEM 15.0,S,3,,2,1.0000,
2011-09952,2015,FIRST,ECON 102,C,3,,3,1.0000,
2011-09952,2015,FIRST,ABE 2,T-2L,3,,4,1.0000,
2011-09952,2015,FIRST,NASC 7(MST),U,3,,5,1.0000,
2012-28538,2015,FIRST,ABE 31,T-1L,2,,1,1.0000,
2012-28538,2015,FIRST,ENSC 16,Y,3,,3,1.0000,
2012-28538,2015,FIRST,ENSC 18,V-2L,3,,4,1.0000,
2012-28538,2015,FIRST,ENTR 1(SSP),ST-5R,3,,5,1.0000,
2012-28538,2015,FIRST,IE 150,U,3,,6,1.0000,
2012-97840,2015,FIRST,FRM 94,Y-2L,3,,1,1.0000,
2012-97840,2015,FIRST,FPPS 11,AB-2L,3,,2,1.0000,
2012-97840,2015,FIRST,FBS 21,A-4L,4,,3,1.0000,
2008-10034,2015,FIRST,EE 126,F-1L,3,,1,1.0000,
2008-10034,2015,FIRST,EE 171,C,3,,2,1.0000,
2008-10034,2015,FIRST,EE 141,V-1L,3,,5,1.0000,
2008-32767,2015,FIRST,ChE 153,W,3,,2,1.0000,
2008-32767,2015,FIRST,ChE 145,X,3,,3,1.0000,
2008-32767,2015,FIRST,ENG 2(AH),Y-6R,3,,4,1.0000,
2008-32767,2015,FIRST,PI 10(SSP),H-2R,3,,5,1.0000,
2010-53508,2015,FIRST,ENG 10,C-5R,3,,2,1.0000,
2010-53508,2015,FIRST,HUM 3(AH),W,3,,3,1.0000,
2010-53508,2015,FIRST,MATH 28,T-2R,3,,4,1.0000,
2010-53508,2015,FIRST,IT 1(MST),V-4L,3,,5,1.0000,
2010-53508,2015,FIRST,POSC 1(SSP),T-4R,3,,6,1.0000,
2014-63963,2015,FIRST,PE 1,EF1,0,,1,1.0000,
2014-63963,2015,FIRST,NSTP 1,AS4,0,,2,1.0000,
2014-63963,2015,FIRST,AMAT 19,X,3,,3,1.0000,
2014-63963,2015,FIRST,ENG 1(AH),D-1R,3,,4,1.0000,
2014-63963,2015,FIRST,SOSC 3(SSP),Y-1R,3,,5,1.0000,
2014-63963,2015,FIRST,IT 1(MST),V-6L,3,,6,1.0000,
2014-63963,2015,FIRST,PHLO 1(SSP),D-3R,3,,7,1.0000,
2011-65120,2015,FIRST,NSTP 1,FR-BD,0,,1,1.0000,
2011-65120,2015,FIRST,ENSC 13,D,3,,3,1.0000,
2011-65120,2015,FIRST,ENSC 16,Y,3,,4,1.0000,
2011-65120,2015,FIRST,CE 121,AB1-2C,3,,5,1.0000,
2012-12739,2015,FIRST,VETA 101,GH-2L,5,,1,1.0000,
2012-12739,2015,FIRST,CHEM 15.0,X,3,,2,1.0000,
2012-12739,2015,FIRST,STAT 1,V-3L,3,,3,1.0000,
2012-12739,2015,FIRST,HIST 1(SSP),D-4R,3,,4,1.0000,
2012-24843,2015,FIRST,PE 1,ST1,0,,1,1.0000,
2012-24843,2015,FIRST,DEVC 101,H,3,,2,1.0000,
2012-24843,2015,FIRST,DEVC 153,Z,3,,3,1.0000,
2012-24843,2015,FIRST,STS 1,Y2,3,,4,1.0000,
2012-24843,2015,FIRST,STAT 1,Z-6L,3,,5,1.0000,
2012-24843,2015,FIRST,BIO 1,UV-7L,3,,6,1.0000,
2013-09737,2015,FIRST,NSTP 1,VM,0,,1,1.0000,
2013-09737,2015,FIRST,PHYS 81,ABST-5L,5,,2,1.0000,
2013-09737,2015,FIRST,ENG 2(AH),F-4R,3,,3,1.0000,
2013-09737,2015,FIRST,HUME 10(SSP),G-3R,3,,4,1.0000,
2013-09737,2015,FIRST,MATH 38,T-4R,3,,5,1.0000,
2011-21787,2015,FIRST,ECON 11,C-4R,3,,2,1.0000,
2011-21787,2015,FIRST,CHEM 15.0,H,3,,3,1.0000,
2011-21787,2015,FIRST,ENG 2(AH),F-5R,3,,4,1.0000,
2011-21787,2015,FIRST,MATH 14,B-5R,3,,5,1.0000,
2011-31772,2015,FIRST,PHYS 1,F-4L,3,,1,1.0000,
2013-06553,2015,FIRST,NSTP 1,AS4,0,,1,1.0000,
2013-06553,2015,FIRST,CHEM 40.0,T,3,,2,1.0000,
2013-06553,2015,FIRST,ENG 2(AH),Y-5R,3,,3,1.0000,
2013-06553,2015,FIRST,MATH 2(MST),S,3,,4,1.0000,
2013-06553,2015,FIRST,NASC 3(MST),UV-4R,3,,5,1.0000,
2013-06553,2015,FIRST,SPCM 1(AH),Y-2R,3,,6,1.0000,
2011-11428,2015,FIRST,ENSC 11,E,3,,1,1.0000,
2011-11428,2015,FIRST,ENSC 21,Y,3,,2,1.0000,
2011-11428,2015,FIRST,ENSC 26,Z-1L,3,,3,1.0000,
2011-11428,2015,FIRST,STAT 101,B-2L,3,,4,1.0000,
2010-00228,2015,FIRST,STAT 1,V-2L,3,,1,1.0000,
2010-00228,2015,FIRST,MATH 38,T-2R,3,,2,1.0000,
2012-04384,2015,FIRST,STAT 1,V-6L,3,,2,1.0000,
2012-04384,2015,FIRST,CHEM 15.1,34L,2,,3,1.0000,
2012-04384,2015,FIRST,CHEM 15.0,X,3,,4,1.0000,
2012-04384,2015,FIRST,MATH 14,S-4R,3,,5,1.0000,
2012-04384,2015,FIRST,HUM 3(AH),F,3,,6,1.0000,
2013-51017,2015,FIRST,NSTP 1,VM,0,,1,1.0000,
2013-51017,2015,FIRST,CHEM 43.0,T,3,,2,1.0000,
2013-51017,2015,FIRST,CHEM 43.1,4L,2,,3,1.0000,
2013-51017,2015,FIRST,PHYS 81,GY-4L,5,,4,1.0000,
2013-51017,2015,FIRST,SPCM 1(AH),W-3R,3,,5,1.0000,
2012-28901,2015,FIRST,MATH 27,W-3R,3,,2,1.0000,
2012-28901,2015,FIRST,PHYS 13,U-3L,3,,3,1.0000,
2012-47863,2015,FIRST,NASC 7(MST),X,3,,1,1.0000,
2012-47863,2015,FIRST,STAT 1,D-9L,3,,2,1.0000,
2012-47863,2015,FIRST,PI 10(SSP),V-5R,3,,3,1.0000,
2012-47863,2015,FIRST,BIO 30,S-3L,3,,4,1.0000,
2012-47863,2015,FIRST,HUM 3(AH),W,3,,6,1.0000,
2011-62190,2015,FIRST,EE 11,U-2L,4,,2,1.0000,
2011-62190,2015,FIRST,ENSC 21,T,3,,3,1.0000,
2011-62190,2015,FIRST,ENSC 14a,YG-2C,5,,4,1.0000,
2012-31052,2015,FIRST,PE 1,ST1,0,,1,1.0000,
2012-31052,2015,FIRST,NSTP 1,AS1,0,,2,1.0000,
2012-31052,2015,FIRST,HUM 3(AH),F,3,,3,1.0000,
2012-31052,2015,FIRST,MATH 1(MST),Z,3,,4,1.0000,
2012-31052,2015,FIRST,PI 10(SSP),B-2R,3,,5,1.0000,
2012-31052,2015,FIRST,PHLO 1(SSP),W2-4R,3,,6,1.0000,
2012-31052,2015,FIRST,ENG 2(AH),U-1R,3,,7,1.0000,
2011-09278,2015,FIRST,MCB 180,B-2L,3,,1,1.0000,
2011-09278,2015,FIRST,MCB 130,AB-2L,4,,2,1.0000,
2011-09278,2015,FIRST,PHLO 1(SSP),W1-5R,3,,3,1.0000,
2011-09278,2015,FIRST,STAT 162,G-7L,3,,4,1.0000,
2013-58172,2015,FIRST,NSTP 1,DC-GH,0,,2,1.0000,
2013-58172,2015,FIRST,PHYS 81,ABST-6L,5,,3,1.0000,
2013-58172,2015,FIRST,SPCM 1(AH),F-4R,3,,4,1.0000,
2013-58172,2015,FIRST,MATH 38,T-2R,3,,5,1.0000,
2013-58172,2015,FIRST,PI 10(SSP),H-1R,3,,6,1.0000,
2013-07301,2015,FIRST,NSTP 1,HE-EF2,0,,1,1.0000,
2013-07301,2015,FIRST,ENG 1(AH),U-6R,3,,3,1.0000,
2013-07301,2015,FIRST,MATH 14,S-3R,3,,4,1.0000,
2013-07301,2015,FIRST,CRSC 1,Y-6L,3,,5,1.0000,
2013-07301,2015,FIRST,BIO 2,W-2L,3,,6,1.0000,
2013-07301,2015,FIRST,ECON 11,U-5R,3,,7,1.0000,
2013-48318,2015,FIRST,NSTP 1,DC-GH,0,,1,1.0000,
2013-48318,2015,FIRST,ENSC 21,T,3,,3,1.0000,
2013-48318,2015,FIRST,PSY 1(SSP),C-2R,3,,4,1.0000,
2013-48318,2015,FIRST,PHYS 82,DV-5L,5,,5,1.0000,
2013-48318,2015,FIRST,ENSC 10b,7L,2,,6,1.0000,
2012-19272,2015,FIRST,FPPS 11,ST1-1L,3,,1,1.0000,
2012-19272,2015,FIRST,FBS 21,A-5L,4,,2,1.0000,
2012-19272,2015,FIRST,FRM 117,Y,3,,3,1.0000,
2012-19272,2015,FIRST,HUM 2(AH),B-2R,3,,4,1.0000,
2011-35776,2015,FIRST,PE 1,YZ1,0,,1,1.0000,
2011-35776,2015,FIRST,STAT 1,S-1L,3,,2,1.0000,
2011-35776,2015,FIRST,ENSC 11,Y,3,,3,1.0000,
2011-35776,2015,FIRST,MATH 28,T-4R,3,,4,1.0000,
2011-35776,2015,FIRST,ABE 70,G-2L,3,,5,1.0000,
2010-51596,2015,FIRST,HUM 1(AH),X,3,,1,1.0000,
2010-51596,2015,FIRST,ENG 10,C-3R,3,,2,1.0000,
2010-51596,2015,FIRST,SFI 120,A-2L,3,,3,1.0000,
2010-51596,2015,FIRST,FBS 45,U-4L,4,,4,1.0000,
2013-67935,2015,FIRST,MATH 101,Y-6L,3,,1,1.0000,
2013-67935,2015,FIRST,SPCM 1(AH),U1-2R,3,,2,1.0000,
2013-67935,2015,FIRST,MATH 38,T-4R,3,,3,1.0000,
2013-67935,2015,FIRST,PI 10(SSP),B-2R,3,,4,1.0000,
2013-67935,2015,FIRST,HUME 10(SSP),S-1R,3,,5,1.0000,
2011-19516,2015,FIRST,CMSC 137,B-2L,3,,1,1.0000,
2011-19516,2015,FIRST,CMSC 150,EF-6L,3,,2,1.0000,
2011-19516,2015,FIRST,PSY 1(SSP),X2-5R,3,,3,1.0000,
2011-19516,2015,FIRST,ENG 2(AH),Y-6R,3,,4,1.0000,
2011-19516,2015,FIRST,SPCM 1(AH),Y-1R,3,,5,1.0000,
2014-28189,2015,FIRST,NSTP 1,EM2,0,,1,1.0000,
2014-28189,2015,FIRST,CHEM 15.0,G,3,,2,1.0000,
2014-28189,2015,FIRST,CHEM 15.1,33L+,2,,3,1.0000,
2014-28189,2015,FIRST,CRSC 2,UV-6L,3,,4,1.0000,
2014-28189,2015,FIRST,ENG 1(AH),W2-2R,3,,5,1.0000,
2014-28189,2015,FIRST,ECON 11,C-7R,3,,6,1.0000,
2011-22195,2015,FIRST,VMCB 121,E-3L,4,,1,1.0000,
2011-22195,2015,FIRST,PSY 1(SSP),X2-6R,3,,2,1.0000,
2011-22195,2015,FIRST,VETA 103,G-3L,3,,3,1.0000,
2011-22195,2015,FIRST,VPHY 141,W-5L,4,,4,1.0000,
2012-09293,2015,FIRST,EE 1,GH-5L,3,,1,1.0000,
2012-09293,2015,FIRST,ABE 31,B-2L,2,,2,1.0000,
2012-09293,2015,FIRST,ENSC 21,U,3,,3,1.0000,
2012-09293,2015,FIRST,ENSC 16,W,3,,5,1.0000,
2012-09293,2015,FIRST,ENSC 18,D-2L,3,,6,1.0000,
2012-20854,2015,FIRST,MATH 181,V,3,,4,1.0000,
2012-20854,2015,FIRST,MATH 174,B-4L,3,,5,1.0000,
2012-20854,2015,FIRST,JAP 10,T2,3,,6,1.0000,
2012-20854,2015,FIRST,HUM 3(AH),F,3,,0,0.0000,
2012-20854,2015,FIRST,NASC 3(MST),EF-4R,3,,0,0.0000,
2011-21525,2015,FIRST,ENG 2(AH),U-5R,3,,1,1.0000,
2011-21525,2015,FIRST,ENSC 11,E,3,,2,1.0000,
2011-21525,2015,FIRST,HIST 1(SSP),D-4R,3,,3,1.0000,
2011-21525,2015,FIRST,ENSC 21,T,3,,4,1.0000,
2008-17576,2015,FIRST,ENSC 16,Y,3,,2,1.0000,
2008-17576,2015,FIRST,ENSC 13,T,3,,3,1.0000,
2008-17576,2015,FIRST,ENG 10,B-3R,3,,4,1.0000,
2008-17576,2015,FIRST,HUM 2(AH),F-1R,3,,5,1.0000,
2010-97201,2015,FIRST,VETA 103,B-2L,3,,1,1.0000,
2010-97201,2015,FIRST,VETA 101,GH-3L,5,,2,1.0000,
2010-97201,2015,FIRST,STAT 162,G-7L,3,,3,1.0000,
2010-97201,2015,FIRST,CHEM 160,V,3,,4,1.0000,
2009-46635,2015,FIRST,HNF 42,A-3L,4,,1,1.0000,
2009-46635,2015,FIRST,HNF 123,U-1L,3,,2,1.0000,
2009-46635,2015,FIRST,HNF 132,UV-1L,3,,3,1.0000,
2013-67100,2015,FIRST,ENG 1(AH),X2-6R,3,,1,1.0000,
2013-67100,2015,FIRST,IT 1(MST),V-3L,3,,2,1.0000,
2013-67100,2015,FIRST,SPCM 1(AH),Y-2R,3,,3,1.0000,
2013-67100,2015,FIRST,PI 10(SSP),H-4R,3,,4,1.0000,
2013-67100,2015,FIRST,BIO 140,T,3,,5,1.0000,
